-- phpMyAdmin SQL Dump
-- version 4.9.0.1
-- https://www.phpmyadmin.net/
--
-- Máy chủ: sql113.epizy.com
-- Thời gian đã tạo: Th3 23, 2023 lúc 10:50 AM
-- Phiên bản máy phục vụ: 10.4.17-MariaDB
-- Phiên bản PHP: 7.2.22

SET SQL_MODE = "NO_AUTO_VALUE_ON_ZERO";
SET AUTOCOMMIT = 0;
START TRANSACTION;
SET time_zone = "+00:00";


/*!40101 SET @OLD_CHARACTER_SET_CLIENT=@@CHARACTER_SET_CLIENT */;
/*!40101 SET @OLD_CHARACTER_SET_RESULTS=@@CHARACTER_SET_RESULTS */;
/*!40101 SET @OLD_COLLATION_CONNECTION=@@COLLATION_CONNECTION */;
/*!40101 SET NAMES utf8mb4 */;

--
-- Cơ sở dữ liệu: `epiz_33355040_blog`
--

-- --------------------------------------------------------

--
-- Cấu trúc bảng cho bảng `cqn_about`
--

CREATE TABLE `cqn_about` (
  `about_id` int(11) NOT NULL,
  `anh` varchar(50) NOT NULL,
  `gioithieu` varchar(500) NOT NULL
) ENGINE=InnoDB DEFAULT CHARSET=utf8mb4;

-- --------------------------------------------------------

--
-- Cấu trúc bảng cho bảng `cqn_baiviet`
--

CREATE TABLE `cqn_baiviet` (
  `post_id` int(11) NOT NULL,
  `tenbaiviet` varchar(200) NOT NULL,
  `slug_bv` varchar(200) NOT NULL,
  `noidung` text NOT NULL,
  `tag` varchar(50) NOT NULL,
  `post_date` datetime NOT NULL,
  `last_update_date` datetime NOT NULL,
  `category_id` int(11) NOT NULL,
  `user_id` int(11) NOT NULL,
  `view` int(11) NOT NULL
) ENGINE=InnoDB DEFAULT CHARSET=utf8mb4;

--
-- Đang đổ dữ liệu cho bảng `cqn_baiviet`
--

INSERT INTO `cqn_baiviet` (`post_id`, `tenbaiviet`, `slug_bv`, `noidung`, `tag`, `post_date`, `last_update_date`, `category_id`, `user_id`, `view`) VALUES
(17, 'Phản ứng đầu tiên của Ronaldo sau nhiều ngày im lặng', 'phan-ung-dau-tien-cua-ronaldo-sau-nhieu-ngay-im-lang', '<p>Tr&ecirc;n trang c&aacute; nh&acirc;n, Cristiano Ronaldo đăng tải h&igrave;nh ảnh anh đang v&ugrave;i m&igrave;nh trong ph&ograve;ng tập. CR7 để lộ th&acirc;n h&igrave;nh với m&uacute;i cơ săn chắc, k&egrave;m lời nhắn: &quot;Hard work&quot; (tạm dịch: Tập luyện chăm chỉ - PV). Lần đầu ti&ecirc;n cựu sao Juventus c&oacute; động th&aacute;i trước giới truyền th&ocirc;ng sau tin đồn đ&ograve;i rời Old Trafford.</p>\r\n\r\n<p><br />\r\nNg&agrave;y 2/7, tờ The Times cho biết Ronaldo c&oacute; thể đ&atilde; chơi trận cuối c&ugrave;ng cho Man Utd. Nhiều nguồn tin uy t&iacute;n cũng x&aacute;c nhận Ronaldo muốn &quot;Quỷ đỏ&quot; b&aacute;n anh nếu nhận được lời đề nghị thỏa đ&aacute;ng. Kể từ đ&oacute; đến nay, Ronaldo giữ im lặng. Anh kh&ocirc;ng c&oacute; ph&aacute;t biểu n&agrave;o, cũng như kh&ocirc;ng cập nhật trạng th&aacute;i tr&ecirc;n trang c&aacute; nh&acirc;n.</p>\r\n\r\n<p><br />\r\nKhi tương lai chưa r&otilde; r&agrave;ng, c&oacute; lẽ Ronaldo coi việc tập luyện chăm chỉ l&agrave; ưu ti&ecirc;n h&agrave;ng đầu. Giữ g&igrave;n v&oacute;c d&aacute;ng l&agrave; phần quan trọng để Ronaldo c&oacute; sức khỏe phục vụ cho c&ocirc;ng việc.</p>\r\n\r\n<p><br />\r\n<img src=\"https://znews-photo.zingcdn.me/w860/Uploaded/mfnuy/2022_07_14/293753379_620188049467739_6578542561172145679_n.jpg\" style=\"width:100%\" /><small><em>Ronaldo tập luyện sau kỳ nghỉ</em></small><br />\r\n<br />\r\nNgười đại diện Jorge Mendes đ&atilde; li&ecirc;n tục mời ch&agrave;o Chelsea, Bayern Munich mua Ronaldo trong kỳ chuyển nhượng m&ugrave;a h&egrave; năm nay. Tuy nhi&ecirc;n, Ronaldo to&agrave;n nhận về những lời từ chối.<br />\r\n&quot;T&ocirc;i đ&aacute;nh gi&aacute; cao Ronaldo. Cậu ấy l&agrave; một trong những cầu thủ vĩ đại nhất. Tuy nhi&ecirc;n, việc chi&ecirc;u mộ Ronaldo kh&ocirc;ng ph&ugrave; hợp với triết l&yacute; của Bayern Munich&quot;, Gi&aacute;m đốc Điều h&agrave;nh Oliver Kahn của Bayern ph&aacute;t biểu.<br />\r\nHLV Thomas Tuchel cũng n&oacute;i r&otilde; với chủ sở hữu Todd Boehly về quyết định kh&ocirc;ng k&yacute; hợp đồng với Ronaldo. HLV Tuchel lo ngại c&aacute;i t&ocirc;i v&agrave; khả năng hỗ trợ ph&ograve;ng ngự của CR7 sẽ ảnh hưởng đến lối chơi chung của Chelsea.</p>\r\n\r\n<p><br />\r\nRonaldo đang lấy l&yacute; do gia đ&igrave;nh để tr&igrave; ho&atilde;n việc trở lại hội qu&acirc;n c&ugrave;ng Manchester United. &quot;Quỷ đỏ&quot; buộc phải dự tour du đấu h&egrave; m&agrave; kh&ocirc;ng c&oacute; ng&ocirc;i sao mang &aacute;o số 7. D&ugrave; vậy, Man Utd kh&ocirc;ng c&oacute; &yacute; định b&aacute;n Ronaldo.<br />\r\nHLV Erik ten Hag tuy&ecirc;n bố: &quot;Ronaldo kh&ocirc;ng phải để b&aacute;n. Cậu ấy nằm trong kế hoạch của ch&uacute;ng t&ocirc;i. Hiện tại, Ronaldo kh&ocirc;ng ở c&ugrave;ng đội b&oacute;ng v&igrave; bận giải quyết c&aacute;c vấn đề c&aacute; nh&acirc;n. Ch&uacute;ng t&ocirc;i đang l&ecirc;n kế hoạch c&oacute; Ronaldo cho m&ugrave;a giải mới. Mọi chuyện chỉ c&oacute; vậy&quot;.</p>\r\n', 'Null', '2022-07-15 00:00:00', '2022-07-26 00:00:00', 15, 1, 94),
(18, 'Gnabry quay xe, sắp gia hạn với Bayern', 'gnabry-quay-xe-sap-gia-han-voi-bayern', '<p><strong>Cuối c&ugrave;ng th&igrave; tương lai của Serge Gnabry cũng trở n&ecirc;n r&otilde; r&agrave;ng! Cầu thủ chạy c&aacute;nh người Đức chuẩn bị gia hạn hợp đồng với Bayern, qua đ&oacute; chấm dứt cơ hội sở hữu Gnabry của Chelsea.</strong></p>\n\n<p>Theo tờ Kicker, Gnabry đ&atilde; đồng &yacute; gia hạn với H&ugrave;m x&aacute;m về mặt nguy&ecirc;n tắc. C&aacute;c b&ecirc;n chỉ c&ograve;n thương lượng th&ecirc;m một số chi tiết của bản hợp đồng dự kiến k&eacute;o d&agrave;i tới năm 2027. Cần nhấn mạnh l&agrave; 2027, tức l&agrave; d&agrave;i th&ecirc;m 4 năm so với hợp đồng hiện tại (tới năm 2023). Điều đ&oacute; cho thấy, Bayern đ&aacute;nh gi&aacute; cao vai tr&ograve; của Gnabry trong kế hoạch d&agrave;i hơi.</p>\n\n<p>Trước đ&oacute;, tiến tr&igrave;nh gia hạn của Gnabry từng l&acirc;m v&agrave;o ng&otilde; cụt. Hai b&ecirc;n kh&ocirc;ng t&igrave;m được tiếng n&oacute;i chung cả về mức lương lẫn kh&iacute;a cạnh chuy&ecirc;n m&ocirc;n (Gnabry muốn được đảm bảo một vai tr&ograve; r&otilde; r&agrave;ng v&agrave; quan trọng tại s&acirc;n Allianz Arena). Ngay từ ph&iacute;a Bayern cũng kh&ocirc;ng c&oacute; được quan điểm r&otilde; r&agrave;ng về Gnabry. Họ nửa muốn gia hạn nửa muốn b&aacute;n cầu thủ chạy c&aacute;nh người Đức trong h&egrave; n&agrave;y để tr&aacute;nh nguy cơ mất trắng v&agrave;o h&egrave; 2023 (thời điểm Gnabry hết hợp đồng). Cả Robert Lewandowski lẫn Serge Gnabry đều sẽ hết hợp đồng v&agrave;o năm sau, v&agrave; Bayern kh&ocirc;ng muốn lặp lại vết xe đổ của những David Alaba, Jerome Boateng, Niklas Suele (ra đi dưới dạng chuyển nhượng tự do).&nbsp;</p>\n\n<p><img alt=\"Gnabry sẽ ở lại Bayern thêm 4 năm, chấm dứt hy vọng có anh trong đội hình của Chelsea\" src=\"https://cdn.bongdaplus.vn/Assets/Media/2022/07/15/25/gnabry-1.jpg\" style=\"width:100%\" /></p>\n\n<p>Theo Kicker, Gnabry sẽ nhận được &ldquo;bản hợp đồng lớn nhất trong sự nghiệp&rdquo; cả ở kh&iacute;a cạnh thời gian (k&eacute;o d&agrave;i tới 2027) cho tới thu nhập. Cầu thủ sinh năm 1995 l&agrave; trụ cột thứ ba gia hạn với H&ugrave;m x&aacute;m trong h&egrave; n&agrave;y sau Manuel Neuer v&agrave; Thomas Mueller. Việc gia hạn với Bayern cũng đảm bảo cho Gnabry một m&ugrave;a giải ổn định trước khi c&ugrave;ng ĐT Đức tham dự World Cup v&agrave;o th&aacute;ng 11. Gia nhập một đội b&oacute;ng lớn kh&aacute;c trước thềm World Cup chưa bao giờ l&agrave; lựa chọn ưu ti&ecirc;n của c&aacute;c cầu thủ h&agrave;ng đầu.</p>\n\n<p>Gnabry vừa trải qua m&ugrave;a giải kh&ocirc;ng tồi trong m&agrave;u &aacute;o Bayern. Cựu cầu thủ Arsenal ghi được 17 b&agrave;n thắng sau 45 lần ra s&acirc;n tr&ecirc;n mọi đấu trường. Tuy nhi&ecirc;n đ&oacute; vẫn chưa phải l&agrave; Gnabry của m&ugrave;a giải đỉnh cao 2019/20 khi cầu thủ n&agrave;y đ&oacute;ng vai tr&ograve; quan trọng trong c&uacute; ăn ba lịch sử của H&ugrave;m x&aacute;m với 46 trận, 23 b&agrave;n thắng. Phong độ kh&aacute; thất thường của Gnabry khiến anh chưa bật l&ecirc;n được so với hai cầu thủ chạy c&aacute;nh c&ograve;n lại l&agrave; Kingsley Coman v&agrave; Leroy Sane. V&agrave; đ&oacute; cũng l&agrave; l&yacute; do khiến Bayern từng kh&aacute; lưỡng lự về tương lai của Gnabry.</p>\n\n<p>Nhưng b&acirc;y giờ th&igrave; mọi thứ đ&atilde; th&ocirc;ng suốt. Gnabry sẽ ở lại để tiếp tục cuộc cạnh tranh khốc liệt với Coman, Sane v&agrave; t&acirc;n binh Sadio Mane. Việc Gnabry sắp gia hạn hợp đồng với Bayern cũng l&agrave; một t&iacute;n hiệu cho thấy Robert Lewandowski sẽ ra đi. Barcelona đang chuẩn bị một lời đề nghị 50 triệu euro để buộc Bayern kh&ocirc;ng thể chối từ. Bayern hiện cũng chưa t&igrave;m được số 9 n&agrave;o thay thế Lewandowski. Thế n&ecirc;n việc giữ lại Gnabry sẽ đảm bảo qu&acirc;n số kh&aacute; dồi d&agrave;o tr&ecirc;n h&agrave;ng c&ocirc;ng, gi&uacute;p cho Nagelsmann c&oacute; nhiều lựa chọn chiến thuật v&iacute; dụ như d&ugrave;ng số 9 ảo.</p>\n', 'Null', '2022-07-15 00:00:00', '2022-07-15 00:00:00', 1611845, 1, 154),
(19, 'Bayern đạt thỏa thuận chiêu mộ De Ligt giá 80 triệu euro', 'bayern-dat-thoa-thuan-chieu-mo-de-ligt-gia-80-trieu-euro', '<p><strong>Nh&agrave; b&aacute;o Fabrizio Romano cho hay Bayern Munich đ&atilde; tiến s&aacute;t đến việc chi&ecirc;u mộ 1 trung vệ c&oacute; gi&aacute; 80 triệu euro.</strong></p>\r\n\r\n<p>Theo đ&oacute;, tr&ecirc;n trang Twitter c&aacute; nh&acirc;n, nh&agrave; b&aacute;o Fabrizio Romano viết:&nbsp;&quot;Matthijs de Ligt sẽ đến FC Bayern Munich, Here we go!&nbsp;Thỏa thuận&nbsp;sơ bộ đ&atilde; được chốt v&agrave;o&nbsp;tối nay v&igrave; c&aacute;c c&acirc;u lạc bộ đ&atilde; đ&agrave;m ph&aacute;n với nhau&nbsp;cả ng&agrave;y - mức gi&aacute; cuối c&ugrave;ng được Juventus chấp nhận cho&nbsp;thương vụ n&agrave;y l&agrave;&nbsp;hơn 80 triệu euro.&nbsp;De Ligt&nbsp;đ&atilde; đồng &yacute; c&aacute;c điều khoản c&aacute; nh&acirc;n v&agrave; sẽ k&yacute; hợp đồng c&oacute; thời hạn đến th&aacute;ng 6 năm 2027.&quot;</p>\r\n\r\n<p><img alt=\"Bayern hoàn tất thỏa thuận chiêu mộ De Ligt\" src=\"https://cdnmedia.thethaovanhoa.vn/Upload/GrOsnn7RrBqY3MFcTV55g/files/01-deligttt.jpg\" style=\"border-style:solid; border-width:1px; margin:1px; width:100%\" /></p>\r\n\r\n<p>Như vậy,&nbsp;sau khi chia tay ch&acirc;n s&uacute;t chủ lực&nbsp;Robert Lewandowski, Bayern Munich đang hướng đến việc n&acirc;ng cấp h&agrave;ng thủ bằng một hợp đồng đ&igrave;nh đ&aacute;m mang t&ecirc;n De Ligt. Trung vệ người H&agrave; Lan đ&atilde; c&oacute; những bước tiến đ&aacute;ng ch&uacute; &yacute; trong th&agrave;nh phần của Juventus sau khi chuyển đến từ Ajax Amsterdam.</p>\r\n\r\n<p><img alt=\"De Ligt muốn gia nhập Bayern Munich\" src=\"https://photo-cms-sggp.zadn.vn/w580/Uploaded/2022/negbflyrlys/2022_07_11/bay2_niao.png\" style=\"border-style:solid; border-width:1px; margin:1px; width:100%\" /></p>\r\n\r\n<p>Để c&oacute; được c&aacute;i gật đầu từ cầu thủ sinh năm 1999, H&ugrave;m x&aacute;m xứ Bavaria đ&atilde; phải vượt qua sự cạnh tranh gay gắt từ Chelsea - đội b&oacute;ng cũng muốn gia cố ph&ograve;ng tuyến của m&igrave;nh khi Antonio Rudiger v&agrave; Andreas Christensen rời đi.</p>\r\n\r\n<p>Trước đ&oacute;, theo k&yacute; giả&nbsp;Florian Plettenberg cho hay thương vụ Bayern mua De Ligt đang c&oacute; những tiến triển tốt. L&yacute; do l&agrave; bởi&nbsp;Robert Lewandowski&nbsp;đến Barcelona v&agrave; phần tiền b&aacute;n ch&acirc;n s&uacute;t người Ba Lan sẽ được đầu tư v&agrave;o thương vụ De Ligt.</p>\r\n\r\n<p>Đ&oacute;n De Ligt l&agrave; sự bổ sung s&aacute;ng gi&aacute; của đội chủ s&acirc;n Allianz Arena&nbsp;khi họ đ&atilde; chia tay Niklas Sule, cầu thủ đ&atilde; cập bến Borussia Dortmund.</p>\r\n', 'Null', '2022-07-21 00:00:00', '2022-07-21 00:00:00', 14, 1, 59),
(20, 'Kết quả DC United 2-6 Bayern: Màn debut tuyệt vời của các tân binh', 'ket-qua-dc-united-2-6-bayern-man-debut-tuyet-voi-cua-cac-tan-binh', '<p><strong>Đối đầu đại diện của Mỹ l&agrave; DC United, Bayern đ&atilde; dễ d&agrave;ng n&atilde; v&agrave;o lưới đối thủ 6 b&agrave;n thắng trong trận ra qu&acirc;n ở tour du đấu H&egrave; 2022, trong đ&oacute;, bộ đ&ocirc;i t&acirc;n binh Sadio Mane v&agrave; Matthijs de Ligt đều điền t&ecirc;n l&ecirc;n bảng điện tử.</strong></p>\r\n\r\n<p><img alt=\"Bayern dành chiến thắng dễ dàng trước DC United\" src=\"https://cdn.bongdaplus.vn/Assets/Media/2022/07/21/17/dc-utd-vs-bayern-2-6.jpg\" style=\"border-style:solid; border-width:1px; margin:1px; width:100%\" /><br />\r\nBayern d&agrave;nh chiến thắng dễ d&agrave;ng trước DC United</p>\r\n\r\n<p><strong>B&agrave;n thắng</strong><br />\r\n<strong>DC United:&nbsp;</strong>Lehland (54&#39;), Ku-Dipietro (83&#39;)<br />\r\n<strong>Bayern:</strong>&nbsp;Mane (5&#39; pen), Sabitzer (12&#39;), Gnabry (44&#39;), De Ligt (47&#39;), Zirkzee (51&#39;), Muller (90&#39;+2)</p>\r\n\r\n<p>L&agrave;m kh&aacute;ch trước DC United, Bayern ra s&acirc;n với sơ đồ 4-4-2 với Mane v&agrave; Gnabry đ&aacute; cặp tiền đạo. Ngay ph&uacute;t thứ 5, cựu ng&ocirc;i sao Liverpool đ&atilde; mở điểm cho H&ugrave;m x&aacute;m từ chấm 11 m&eacute;t.&nbsp;</p>\r\n\r\n<p><img alt=\"\" src=\"https://encrypted-tbn0.gstatic.com/images?q=tbn:ANd9GcTrr6Jjl18VF3OwTHzKn3O1DVMUuTgYajgo8w&amp;usqp=CAU\" style=\"border-style:solid; border-width:1px; margin:1px; width:100%\" /></p>\r\n\r\n<p>B&agrave;n thắng sớm gi&uacute;p tinh thần Bayern l&ecirc;n cao. Họ g&acirc;y sức &eacute;p khủng khiếp l&ecirc;n cầu m&ocirc;n DC United, v&agrave; đến ph&uacute;t 12, c&aacute;ch biệt đ&atilde; được nh&acirc;n đ&ocirc;i nhờ c&ocirc;ng của tiền v&ecirc; Sabitzer. Tới cuối hiệp 1, nhận đường kiến tạo thuận lợi của Mane, Gnabry dứt điểm chuẩn x&aacute;c n&acirc;ng tỷ số l&ecirc;n 3-0 cho Bayern.</p>\r\n\r\n<p>Sang hiệp 2, HLV Nagelsmann thay đổi to&agrave;n bộ đội h&igrave;nh xuất ph&aacute;t của Bayern. T&acirc;n binh De Ligt v&agrave;o s&acirc;n v&agrave; ngay ph&uacute;t 47, anh đ&atilde; ghi dấu ấn với b&agrave;n n&acirc;ng tỷ số l&ecirc;n 4-0 cho H&ugrave;m x&aacute;m. Chưa đầy 5 ph&uacute;t sau, Bayern đ&atilde; c&oacute; lần thứ 5 l&agrave;m rung m&agrave;nh lưới chủ nh&agrave;. Người lập c&ocirc;ng l&agrave; cầu thủ trẻ Zirkzee.</p>\r\n\r\n<p><img alt=\"\" src=\"https://backend.keepup.com.au/wp-content/uploads/2022/07/14cpt02gnyy7810hicmlx0597f.jpg?w=550&amp;quality=80&amp;strip=all\" style=\"border-style:solid; border-width:1px; margin:1px; width:100%\" /></p>\r\n\r\n<p>Nắm lợi thế lớn, Bayern chơi thong dong v&agrave; c&oacute; phần chủ quan. Điều n&agrave;y tạo điều kiện cho DC United ghi 2 b&agrave;n, lần lượt nhờ c&ocirc;ng của Lehland v&agrave; Ku-Dipietro. D&ugrave; vậy đến ph&uacute;t b&ugrave; giờ, Muller l&ecirc;n tiếng ấn định chiến thắng gi&ograve;n gi&atilde; 6-2 cho Bayern.</p>\r\n\r\n<p>Như vậy, Bayern đ&atilde; c&oacute; khởi đầu su&ocirc;n sẻ ở tour du đấu H&egrave; 2022. V&agrave;o ng&agrave;y 24/7 tới, Bayern sẽ chạm tr&aacute;n Man City tr&ecirc;n s&acirc;n Lambeau Field l&uacute;c 6h00 giờ Việt Nam.</p>\r\n\r\n<p><strong>Đội h&igrave;nh ra s&acirc;n<br />\r\nDC United:</strong>&nbsp;Kempin, Najar, Pines, Bimbaum, Samake, Nyeman, &nbsp;Canouse, Robertha, Hopkins, Smith, Berry<br />\r\n<strong>Bayern:&nbsp;</strong>Neuer, Davies, Upamecano, Nianzou, Mazraoui, Copado, Sabitzer, Vidovic, Sane, Gnabry, Mane</p>\r\n\r\n<p>&nbsp;</p>\r\n', 'Null', '2022-07-21 00:00:00', '2022-07-21 00:00:00', 1611845, 1, 188),
(21, 'HLV của Bayern chỉ trích Juventus không đào tạo De Ligt đúng cách', 'hlv-cua-bayern-chi-trich-juventus-khong-dao-tao-de-ligt-dung-cach', '<p>Trung vệ người H&agrave; Lan đ&atilde;&nbsp;<a href=\"http://localhost:81/BLOG/tin-chuyen-nhuong/bayern-dat-thoa-thuan-chieu-mo-de-ligt-gia-80-trieu-euro.html\" target=\"_blank\">ho&agrave;n tất vụ chuyển nhượng trị gi&aacute; 68 triệu bảng</a>&nbsp;từ Juventus sang Bayern trong th&aacute;ng n&agrave;y. De Ligt đ&atilde; ghi một b&agrave;n thắng trong trận ra mắt Bayern. Đ&oacute; l&agrave; trận giao hữu thắng 6-2 trước DC United. Tuy nhi&ecirc;n, anh su&yacute;t đ&aacute; phản lưới nh&agrave;, nhận thẻ v&agrave;ng v&agrave; rời s&acirc;n v&igrave; một chấn thương nhẹ.</p>\n\n<p>Ngo&agrave;i ra chỉ sau v&agrave;i buổi tập, anh đ&atilde; g&acirc;y ra tranh c&atilde;i lớn giữa 2 c&acirc;u lạc bộ. Theo đ&oacute;, HLV Nagelsmann của Bayern cho rằng c&aacute;ch đ&agrave;o tạo của đội b&oacute;ng Italia kh&ocirc;ng đủ tốt v&agrave; khiến cho De Ligt gặp kh&oacute; trong việc h&ograve;a nhập tại H&ugrave;m x&aacute;m.</p>\n\n<p>Theo La Gazzetta dello Sport, Nagelsmann đ&atilde; b&igrave;nh luận: &quot;T&ocirc;i đ&atilde; n&oacute;i chuyện với De Ligt sau khi tập luyện v&agrave; cậu ấy n&oacute;i với t&ocirc;i rằng buổi tập h&ocirc;m nay l&agrave; kh&oacute; nhất trong 4 năm qua. N&oacute; quả thực hơi kh&oacute; khăn, nhưng kh&ocirc;ng phải qu&aacute; nặng&quot;.</p>\n\n<p>&quot;Cậu ấy đ&atilde; kh&ocirc;ng ra s&acirc;n qu&aacute; nhiều trong m&ugrave;a giải trước v&agrave; t&ocirc;i đ&atilde; nghe n&oacute;i ở Italia, kh&ocirc;ng dễ để giữ được sức khỏe tốt nhất cho c&aacute;c cầu thủ&quot;, &ocirc;ng n&oacute;i th&ecirc;m.</p>\n\n<p>De Ligt đ&atilde; c&oacute; 42 lần ra s&acirc;n trong m&agrave;u &aacute;o Juventus ở m&ugrave;a giải trước, đ&oacute;ng g&oacute;p 3 b&agrave;n thắng v&agrave; 1 pha kiến ​​tạo. Đ&acirc;y l&agrave; những con số kh&ocirc;ng hề tệ đối với một trung vệ. Tuy nhi&ecirc;n, anh vẫn kh&ocirc;ng được đ&aacute;nh gi&aacute; l&agrave; c&oacute; m&ugrave;a giải th&agrave;nh c&ocirc;ng.</p>\n\n<p>Với Juventus, đ&acirc;y kh&ocirc;ng phải l&agrave; lần đầu ti&ecirc;n đội ngũ y tế v&agrave; huấn luyện của họ bị chỉ tr&iacute;ch. CLB th&agrave;nh Turin đ&atilde; c&oacute; kh&aacute; nhiều chấn thương nặng trong v&agrave;i năm qua v&igrave; c&aacute;ch tập luyện kh&ocirc;ng đủ tốt.</p>\n', 'Null', '2022-07-26 00:00:00', '2022-07-26 00:00:00', 1611845, 1, 120),
(22, 'Kết quả Frankfurt 1-6 Bayern: Mane có bàn thắng đầu tiên ở Bundesliga, \"Bambi\" càng đá càng hay', 'ket-qua-frankfurt-1-6-bayern-mane-co-ban-thang-dau-tien-o-bundesliga-bambi-cang-da-cang-hay', '<p><strong>Bayern đ&atilde; c&oacute; sự khởi đầu như mơ ở Bundesliga 2022/23 khi gi&agrave;nh được chiến thắng tưng bừng 6-1 tr&ecirc;n s&acirc;n của Eintracht Frankfurt. Trận Frankfurt vs Bayern đ&aacute;nh dấu sự kiện tiền đạo Sadio Mane đ&atilde; c&oacute; được pha lập c&ocirc;ng đầu ti&ecirc;n tr&ecirc;n đất Đức.</strong></p>\n\n<p><strong>B&agrave;n thắng<br />\nFrankfurt:&nbsp;</strong>Muani (64&#39;)<br />\n<strong>Bayern:&nbsp;</strong>Kimmich (5&#39;), Pavard (10&#39;), Mane (29&#39;), Musiala (35&#39;, 83&#39;), Gnabry (43&#39;)</p>\n\n<p>VIDEO: Frankfurt 1-6 Bayern Munich</p>\n\n<div class=\"embed-responsive embed-responsive-16by9\">\n    <iframe class=\"embed-responsive-item\" src=\"https://www.youtube.com/embed/_b4PvKFQ1TY\"></iframe>\n </div>\n\n<p><br />\nTrong 3 lần đụng độ Bayern gần nhất, Frankfurt đ&atilde; g&acirc;y bất ngờ khi đ&aacute;nh bại g&atilde; khổng lồ xứ Bavaria tới 2 lần. Tuy nhi&ecirc;n, ở m&agrave;n tiếp đ&oacute;n nh&agrave; đương kim v&ocirc; địch Bundesliga v&agrave;o đ&ecirc;m qua đội chủ nh&agrave; đ&atilde; thể hiện bộ mặt v&ocirc; c&ugrave;ng bạc nhược.</p>\n\n<p>Chỉ sau 5 ph&uacute;t b&oacute;ng lăn, họ đ&atilde; để cho Jusua Kimmich mở tỷ số cho c&aacute;c vị kh&aacute;ch bằng c&uacute; s&uacute;t phạt hiểm h&oacute;c. 5 ph&uacute;t sau, Frankfurt lại thủng lưới sau một t&igrave;nh huống cố định v&agrave; lần n&agrave;y người lập c&ocirc;ng cho Bayern l&agrave; hậu vệ Pavard với c&uacute; dứt điểm quyết đo&aacute;n.</p>\n\n<p>Ph&uacute;t 29, trận đấu coi như đ&atilde; sớm ng&atilde; ngũ khi Mane thực hiện c&uacute; đ&aacute;nh đầu n&acirc;ng tỷ số l&ecirc;n 3-0 cho Bayern. Đ&acirc;y l&agrave; b&agrave;n thắng rất c&oacute; &yacute; nghĩa với c&aacute; nh&acirc;n ch&acirc;n s&uacute;t người Senegal bởi trước đ&acirc;y anh chưa từng ghi b&agrave;n tr&ecirc;n đất Đức.</p>\n\n<blockquote>\n<p><img alt=\"Mane đánh đầu nâng tỷ số lên 3-0\" src=\"https://cdn.bongdaplus.vn/Assets/Media/2022/08/06/42/mane1.jpg\" style=\"border-style:solid; border-width:1px; margin:1px; width:100%\" /><em>Mane đ&aacute;nh đầu n&acirc;ng tỷ số l&ecirc;n 3-0</em></p>\n</blockquote>\n\n<p>Tiếp đ&agrave; hưng phấn, Bayern c&ograve;n ghi th&ecirc;m 2 b&agrave;n thắng nữa trước khi 2 đội bước v&agrave;o giờ nghỉ do c&ocirc;ng của Musiala (35&#39;) v&agrave; Gnabry (43&#39;). Để thua tới 5 b&agrave;n trong hiệp 1, song Frankfurt vẫn phải cảm ơn thần may mắn bởi nếu c&aacute;c cầu thủ Bayern kh&ocirc;ng 3 lần đưa b&oacute;ng tr&uacute;ng khung gỗ th&igrave; tỷ số c&ograve;n c&oacute; thể đậm hơn.</p>\n\n<p>Sau giờ nghỉ, Bayern kh&ocirc;ng c&ograve;n thi đấu qu&aacute; nỗ lực do đ&atilde; cầm chắc chiến thắng. Mặc d&ugrave; vậy, họ vẫn ghi th&ecirc;m được 1 b&agrave;n ở ph&uacute;t 83. Người ghi t&ecirc;n m&igrave;nh l&ecirc;n bảng tỷ số vẫn l&agrave; Musiala.</p>\n\n<p>Đ&egrave; bẹp Frankfurt ở v&ograve;ng mở m&agrave;n Bundesliga 2022/23, Bayern đ&atilde; c&oacute; năm thứ 11 li&ecirc;n tiếp bước v&agrave;o m&ugrave;a giải m&agrave; kh&ocirc;ng phải nhận thất bại. Với những g&igrave; vừa thể hiện, họ chắc chắn vẫn l&agrave; ƯCV số 1 cho ng&ocirc;i v&ocirc; địch Bundesliga m&ugrave;a n&agrave;y.</p>\n\n<h2>Đội h&igrave;nh thi đấu Frankfurt vs Bayern</h2>\n\n<p><strong>Frankfurt:</strong>&nbsp;Trapp - Toure, Tuta (Hasebe 81), N&rsquo;Dicka - Knauff, Sow, Rode (c) (Jakic 46&#39;), Kostic (Alidou 74&#39;) - Lindstrom (Lenz 46&#39;), G&ouml;tze - Borre (Kolo Muani 46&#39;)</p>\n\n<p><strong>Bayern:</strong>&nbsp;Neuer (c) - Pavard (Mazraoui 82&#39;), Upamecano, Hernandez (de Ligt 82&#39;), Davies - Kimmich, Sabitzer (Gravenberch 57&#39;) - Gnabry (Tel 65&#39;), M&uuml;ller (Sane 65&#39;), Musiala - Mane</p>\n', 'Null', '2022-08-06 00:00:00', '2022-08-06 00:00:00', 1611845, 1, 273),
(23, 'Cầu thủ 19 tuổi nổi hơn Mane trong ngày mở màn Bundesliga của Bayern', 'cau-thu-19-tuoi-noi-hon-mane-trong-ngay-mo-man-bundesliga-cua-bayern', '<p><strong>Sadio Mane ghi b&agrave;n thắng đầu ti&ecirc;n cho Bayern Munich ở Bundesliga m&ugrave;a giải mới nhưng cầu thủ 19 tuổi mới thực sự nổi bật trong trận gặp Eintracht Frankfurt.</strong></p>\r\n\r\n<p>Bayern Munich tiếp tục c&oacute; một m&agrave;n tr&igrave;nh diễn tấn c&ocirc;ng bắt mắt kh&aacute;c để gi&agrave;nh chiến thắng gi&ograve;n gi&atilde;. Sau khi đ&aacute;nh bại Leipzig 5-3 trong trận tranh Si&ecirc;u C&uacute;p Đức, họ tiếp tục đ&egrave; bẹp Eintracht Frankfurt 6-1 ở v&ograve;ng mở m&agrave;n Bundesliga 2022/23.</p>\r\n\r\n<p>T&acirc;m điểm sự ch&uacute; &yacute; chắc chắn dồn v&agrave;o Sadio Mane, t&acirc;n binh được Bayern đưa về trong m&ugrave;a h&egrave;. Kh&ocirc;ng hổ danh l&agrave; tiền đạo h&agrave;ng đầu ở Liverpool, ng&ocirc;i sao người Senegal tiếp tục h&ograve;a nhập rất nhanh v&agrave;o đội b&oacute;ng mới để c&oacute; b&agrave;n thắng thứ hai sau 2 trận ch&iacute;nh thức.</p>\r\n\r\n<blockquote>\r\n<p><img src=\"https://cdnmedia.webthethao.vn/uploads/2022-08-05/mane-bayern-bundesliga.jpg\" style=\"border-style:solid; border-width:1px; margin:1px; width:100%\" /></p>\r\n\r\n<p><em>Mane ghi b&agrave;n đầu ti&ecirc;n ở Bundesliga với Bayern</em></p>\r\n</blockquote>\r\n\r\n<p>Tuy nhi&ecirc;n, c&aacute;i t&ecirc;n nổi bật nhất trong trận đấu n&agrave;y lại l&agrave; cầu thủ 19 tuổi Jamal Musiala. T&agrave;i năng người Đức c&oacute; m&agrave;n tr&igrave;nh diễn khiến tất cả phải trầm trồ, trực tiếp ghi 2 b&agrave;n thắng, b&ecirc;n cạnh những th&ocirc;ng số ấn tượng: 33 đường chuyền, 2 đường chuyền quan trọng, 5 c&uacute; s&uacute;t, r&ecirc; b&oacute;ng th&agrave;nh c&ocirc;ng 4/5 lần, 2 lần tắc b&oacute;ng th&agrave;nh c&ocirc;ng, thắng đối đầu 8/15 lần.</p>\r\n\r\n<blockquote>\r\n<p><img src=\"https://cdnmedia.webthethao.vn/uploads/2022-08-05/musiala-bayern.png\" style=\"border-style:solid; border-width:1px; margin:1px; width:100%\" /></p>\r\n\r\n<p><em>Musiala ghi 2 b&agrave;n cho Bayern trước Frankfurt</em></p>\r\n</blockquote>\r\n\r\n<p>Đ&acirc;y đ&atilde; l&agrave; b&agrave;n thắng thứ 3, cộng th&ecirc;m một pha kiến tạo chỉ sau 2 trận ch&iacute;nh thức của tiền vệ tấn c&ocirc;ng n&agrave;y ở m&ugrave;a giải mới. Với 13 b&agrave;n thắng tại Bundesliga, Musiala trở th&agrave;nh cầu thủ U20 ghi nhiều b&agrave;n nhất từ trước đến nay tại Bayern c&ugrave;ng với cựu gi&aacute;m đốc điều h&agrave;nh Uli Hoeness.</p>\r\n\r\n<blockquote>\r\n<p><img src=\"https://cdnmedia.webthethao.vn/uploads/2022-08-05/musiala-bayern.jpg\" style=\"border-style:solid; border-width:1px; margin:1px; width:100%\" /></p>\r\n\r\n<p><em>Musiala mới 19 tuổi nhưng đ&atilde; c&oacute; 13 b&agrave;n ở Bundesliga</em></p>\r\n</blockquote>\r\n\r\n<p>Trong hiệp 1 m&agrave; Bayern hủy diệt Frankfurt bằng 5 b&agrave;n, họ c&ograve;n s&uacute;t tr&uacute;ng khung gỗ đối phương ba lần. Ở b&agrave;n đầu ti&ecirc;n, Kimmich lập c&ocirc;ng từ quả đ&aacute; phạt trực tiếp lần đầu ti&ecirc;n tại Bundesliga, trở th&agrave;nh cầu thủ thứ 17 của Bayern mở tỷ số - một kỷ lục của giải đấu.</p>\r\n\r\n<p>Với c&aacute;c b&agrave;n thắng kh&aacute;c của Benjamin Pavard, Mane, Serge Gnabry v&agrave; Musiala, Bayern đ&atilde; kh&ocirc;ng thua trận n&agrave;o ở v&ograve;ng 1 trong 11 năm (0-1 trước Monchengladbach m&ugrave;a 2011/12), b&aacute;o hiệu cho mục ti&ecirc;u k&eacute;o d&agrave;i kỷ lục v&ocirc; địch Bundesliga thứ 11 li&ecirc;n tiếp.&nbsp;</p>\r\n', 'Null', '2022-08-06 00:00:00', '2022-08-07 00:00:00', 1611845, 1, 220),
(25, 'MU - Brighton: Tâm điểm Ronaldo, cơ hội vượt Liverpool (Vòng 1 Ngoại hạng Anh)', 'mu-brighton-tam-diem-ronaldo-co-hoi-vuot-liverpool-vong-1-ngoai-hang-anh-', '<p><strong>MU ra qu&acirc;n: Ronaldo vẫn nu&ocirc;i ch&iacute; ra đi c&oacute; đ&aacute; ch&iacute;nh?</strong></p>\r\n\r\n<p>Ở trận giao hữu cuối c&ugrave;ng của MU trong m&ugrave;a h&egrave; n&agrave;y khi họ bất ngờ bị Rayo Vallecano cầm h&ograve;a 1-1 h&ocirc;m 31/7 ngay tại s&acirc;n nh&agrave;, Cristiano Ronaldo bất ngờ c&oacute; mặt trong đội h&igrave;nh xuất ph&aacute;t. Tuy nhi&ecirc;n, anh chơi k&eacute;m nổi bật v&agrave; bị HLV Erik Ten Hag r&uacute;t khỏi s&acirc;n sau giờ nghỉ giữa 2 hiệp.</p>\r\n\r\n<p>&nbsp;</p>\r\n\r\n<p><img alt=\"Nhận định bóng đá MU - Brighton: Tâm điểm Ronaldo, cơ hội vượt Liverpool (Vòng 1 Ngoại hạng Anh) - 1\" src=\"https://cdn.24h.com.vn/upload/3-2022/images/2022-08-07/Nhan-dinh-bong-da-MU---Brighton-Tam-diem-Ronaldo-co-hoi-vuot-Liverpool-Vong-1-Ngoai-hang-Anh-m-2-1659827419-909-width740height416.jpg\" style=\"border-style:solid; border-width:1px; margin:1px; width:100%\" /></p>\r\n\r\n<p>&nbsp;</p>\r\n\r\n<p>Martial d&iacute;nh chấn thương g&acirc;n kheo nhưng liệu Ronaldo c&oacute; đ&aacute; ch&iacute;nh cho MU khi ra qu&acirc;n ở Premier League?</p>\r\n\r\n<p>Ronaldo c&ograve;n tiếp tục g&acirc;y l&ugrave;m x&ugrave;m với việc rời s&acirc;n&nbsp;<a href=\"https://www.24h.com.vn/manchester-united-c48e1521.html\">Old Trafford</a>&nbsp;ở ph&uacute;t 80 để l&aacute;i xe hơi bỏ về nh&agrave; khi bỏ mặc c&aacute;c đồng đội vẫn đang thi đấu hơn 10 ph&uacute;t cuối với đối thủ đến từ La Liga Rayo Vallecano. Bản th&acirc;n tiền đạo 37 tuổi n&agrave;y cũng lu&ocirc;n ngấp ngh&eacute; &yacute; định rời MU để gia nhập một CLB được dự Champions League m&ugrave;a n&agrave;y.</p>\r\n\r\n<p>Nhưng trong bối cảnh HLV Ten Hag đ&atilde; tiết lộ trong cuộc họp b&aacute;o h&ocirc;m thứ S&aacute;u (5/8) rằng&nbsp;Anthony Martial sẽ kh&ocirc;ng tham dự trận gặp Brighton tối nay v&igrave; chấn thương g&acirc;n kheo, cơ hội thi đấu lại mở ra với CR7.</p>\r\n\r\n<p>Tuy nhi&ecirc;n, khi đ&atilde; vắng mặt ở tour du đấu H&egrave; của MU tại Th&aacute;i Lan, Australia hay Na Uy, Ronaldo vẫn cần c&oacute; thời gian để &ldquo;bắt nhịp&rdquo; với lối chơi m&agrave; &ocirc;ng thầy mới người H&agrave; Lan Ten Hag đang x&acirc;y dựng.</p>\r\n\r\n<p>Theo trang Sportmole dự đo&aacute;n, Marcus Rashford sẽ được đẩy l&ecirc;n đ&aacute; tiền đạo cắm, trợ chiến cho anh ở 2 c&aacute;nh sẽ l&agrave; Jadon Sancho (c&aacute;nh tr&aacute;i) v&agrave; Anthony Elanga (phải) ở đội h&igrave;nh đ&aacute; ch&iacute;nh đấu Brighton. Khi ấy, Ronaldo c&oacute; khả năng sẽ v&agrave;o s&acirc;n từ ghế dự bị trong trận n&agrave;y.</p>\r\n\r\n<p><strong>Cơ hội v&agrave;ng sớm vượt mặt Liverpool</strong></p>\r\n\r\n<p>Giải Ngoại hạng Anh (Premier League) m&ugrave;a n&agrave;y đ&atilde; sớm c&oacute; bất ngờ khi Liverpool vừa chật vật h&ograve;a Fulham 2-2 trong thế li&ecirc;n tục phải b&aacute;m đuổi đối thủ mới l&ecirc;n hạng khi để Aleksandar Mitrovic lập c&uacute; đ&uacute;p v&agrave;o lưới m&igrave;nh. Điều đ&oacute; cũng đồng nghĩa với việc nếu thắng tr&ecirc;n s&acirc;n nh&agrave; Old Trafford tối nay khi tiếp đ&oacute;n Brighton, MU sẽ c&oacute; 3 điểm đầu tay để sớm tạo c&aacute;ch biệt 2 điểm nhiều hơn k&igrave;nh địch truyền kiếp Liverpool.</p>\r\n\r\n<p><img alt=\"Nhận định bóng đá MU - Brighton: Tâm điểm Ronaldo, cơ hội vượt Liverpool (Vòng 1 Ngoại hạng Anh) - 3\" src=\"https://cdn.24h.com.vn/upload/3-2022/images/2022-08-07/Nhan-dinh-bong-da-MU---Brighton-Tam-diem-Ronaldo-co-hoi-vuot-Liverpool-Vong-1-Ngoai-hang-Anh-m-3-1659827419-541-width740height444.jpg\" style=\"border-style:solid; border-width:1px; margin:1px; width:100%\" /></p>\r\n\r\n<p>C&aacute;ch đ&acirc;y 3 th&aacute;ng, Brighton từng v&ugrave;i dập MU 4-0 ở v&ograve;ng 36 giải Ngoại hạng Anh m&ugrave;a trước</p>\r\n\r\n<p>&ldquo;Quỷ đỏ&rdquo; từng thua sốc 0-4 trước đội b&oacute;ng của HLV Graham Potter ở lượt về&nbsp;<a href=\"https://www.24h.com.vn/premier-league-2020-2021-c48e2367.html\">Premier League</a>&nbsp;m&ugrave;a trước. Nhưng trong bối cảnh Brighton vừa b&aacute;n đi cả Yves Bissouma (cho Tottenham) v&agrave; Marc Cucurella (cho Chelsea), &ldquo;Chim m&ograve;ng biển&rdquo; c&oacute; khả năng sẽ thất bại tr&ecirc;n s&acirc;n của MU tối nay.</p>\r\n\r\n<p><strong>Dự đo&aacute;n tỷ số:</strong>&nbsp;MU 2-1 Brighton</p>\r\n\r\n<p><strong>Đội h&igrave;nh dự kiến:</strong></p>\r\n\r\n<p><strong>MU:&nbsp;</strong>De Gea; Dalot, Maguire, L Martinez, Malacia; Fred, McTominay; Sancho, Fernandes, Elanga; Rashford</p>\r\n\r\n<p><strong>Brighton:&nbsp;</strong>Sanchez; Veltman, Dunk, Webster; Lamptey, Mwepu, Gross, March; MacAllister, Welbeck, Trossard</p>\r\n\r\n<table align=\"center\" cellpadding=\"3\" cellspacing=\"0\" style=\"width:500px\">\r\n	<tbody>\r\n		<tr>\r\n			<td style=\"vertical-align:top\">\r\n			<p><strong>Th&ocirc;ng tin b&ecirc;n lề:</strong></p>\r\n\r\n			<p><strong><em>Th&agrave;nh t&iacute;ch đối đầu:</em></strong></p>\r\n\r\n			<p>- MU v&agrave; Brighton đ&atilde; gặp nhau tổng cộng 20 lần trong qu&aacute; khứ. &ldquo;Quỷ đỏ&rdquo; thắng 14 trận, Brighton thắng 4 trận v&agrave; hai đội h&ograve;a nhau 2 trận c&ograve;n lại.</p>\r\n\r\n			<p>- Tr&ecirc;n s&acirc;n nh&agrave;, MU đ&atilde; c&oacute; 10 lần đối đầu với Brighton. Họ thắng 9, h&ograve;a 1 v&agrave; chưa thua trận n&agrave;o trước &ldquo;Chim m&ograve;ng biển&rdquo;.</p>\r\n\r\n			<p>- Ở Premier League m&ugrave;a trước, MU đ&atilde; gi&agrave;nh chiến thắng với tỷ số 2-0 tr&ecirc;n s&acirc;n nh&agrave; Old Trafford tại trận lượt đi. Tuy nhi&ecirc;n, trong trận lượt về tr&ecirc;n s&acirc;n Amex của Brighton, họ đ&atilde; để thua với tỷ số kh&oacute; tin l&agrave; 0-4.</p>\r\n\r\n			<p><em><strong>T&igrave;nh h&igrave;nh lực lượng:</strong></em></p>\r\n\r\n			<p>- MU:&nbsp;Martial chấn thương. Sancho, Shaw, Williams (khả năng ra s&acirc;n 50/50). Greenwood (phạt nội bộ).</p>\r\n\r\n			<p>- Brighton:&nbsp;Moder chấn thương.</p>\r\n			</td>\r\n		</tr>\r\n	</tbody>\r\n</table>\r\n', 'Null', '2022-08-07 00:00:00', '2022-08-07 00:00:00', 1611844, 1, 6),
(26, 'Kết quả bóng đá Tottenham - Southampton: Ngược dòng đẳng cấp, đại tiệc mãn nhãn', 'ket-qua-bong-da-tottenham-southampton-nguoc-dong-dang-cap-dai-tiec-man-nhan', '<p>Tottenham bắt đầu chiến dịch&nbsp;<a href=\"https://www.24h.com.vn/bong-da-ngoai-hang-anh-c149.html\">Ngoại hạng Anh</a>&nbsp;2022/23 bằng cuộc tiếp đ&oacute;n Southampton. HLV Antonio Conte thể hiện r&otilde; &yacute; đồ muốn&nbsp;gi&agrave;nh trọn vẹn 3 điểm với đội h&igrave;nh gi&agrave;u sức tấn c&ocirc;ng. &quot;G&agrave; trống&quot; cũng l&agrave; đội tổ chức tấn c&ocirc;ng ngay sau tiếng c&ograve;i khai cuộc.</p>\r\n\r\n<p><img alt=\"Kết quả bóng đá Tottenham - Southampton: Ngược dòng đẳng cấp, đại tiệc mãn nhãn (Vòng 1 Ngoại hạng Anh) - 1\" src=\"https://cdn.24h.com.vn/upload/3-2022/images/2022-08-06/19-495-1659797785-693-width740height495.jpg\" style=\"border-style:solid; border-width:1px; margin:1px; width:100%\" /></p>\r\n\r\n<p>&nbsp;</p>\r\n\r\n<p>Tottenham gặp kh&aacute; nhiều kh&oacute; khăn trước Southampton</p>\r\n\r\n<p>Tuy nhi&ecirc;n, họ lại sớm phải nhận &quot;g&aacute;o nước lạnh&quot;. Trong đợt tấn c&ocirc;ng đầu ti&ecirc;n của m&igrave;nh, Southampton đ&atilde; c&oacute; b&agrave;n mở tỉ số. Sau nỗ lực ở b&ecirc;n c&aacute;nh phải của đồng đội, Ward Prowse tung c&uacute; v&ocirc; l&ecirc; ở b&ecirc;n ngo&agrave;i v&ograve;ng cấm. B&oacute;ng đập đất khiến cho Lloris kh&ocirc;ng thể l&agrave;m g&igrave; hơn ngo&agrave;i việc v&agrave;o lưới nhặt b&oacute;ng.</p>\r\n\r\n<p>B&agrave;n thua sớm kh&ocirc;ng l&agrave;m Tottenham nao n&uacute;ng. Họ miệt m&agrave;i tổ chức tấn c&ocirc;ng để t&igrave;m b&agrave;n gỡ v&agrave; th&agrave;nh quả sớm tới. Ph&uacute;t 21, Kulusevski tạt b&oacute;ng từ b&ecirc;n c&aacute;nh phải v&agrave; Sessegnon đ&atilde; c&oacute; mặt đ&uacute;ng l&uacute;c để đ&aacute;nh đầu cận th&agrave;nh tung lưới đối phương.</p>\r\n\r\n<p>Southampton cố gắng chống trả lại nhưng Tottenham tạo ra sức &eacute;p cực lớn. Ph&uacute;t 32, Son Heung Min tạt b&oacute;ng từ b&ecirc;n c&aacute;nh tr&aacute;i ở tầm thấp v&agrave; Dier băng cắt đ&aacute;nh đầu cực nhanh gi&uacute;p đội chủ nh&agrave; ch&iacute;nh thức vượt l&ecirc;n. Tottenham c&ograve;n một số cơ hội trong hiệp một nhưng kh&ocirc;ng tận dụng th&agrave;nh c&ocirc;ng.&nbsp;</p>\r\n\r\n<p>Ngay đầu hiệp hai, Sessegnon tung c&uacute; dứt điểm hạ gục thủ m&ocirc;n đối phương lần thứ hai trong trận. Tuy nhi&ecirc;n, b&agrave;n thắng kh&ocirc;ng được c&ocirc;ng nhận do lỗi việt vị. Đội chủ nh&agrave; duy tr&igrave; sự dồn &eacute;p li&ecirc;n tục v&agrave; th&agrave;nh c&ocirc;ng với chiến thuật n&agrave;y. Ph&uacute;t 61, Emerson tho&aacute;t xuống b&ecirc;n phải tốt nhưng c&uacute; dứt điểm lại qu&aacute; tệ. May cho hậu vệ n&agrave;y l&agrave; Salisu đ&atilde; sửa sai cho đối thủ v&agrave; đưa b&oacute;ng về lưới nh&agrave;.</p>\r\n\r\n<p>Hai ph&uacute;t sau, Kulusevski nhận b&oacute;ng trong v&ograve;ng cấm, chỉnh một nhịp rồi cứa l&ograve;ng ch&acirc;n tr&aacute;i về g&oacute;c xa ho&agrave;n hảo. C&oacute; được lợi thế dẫn trước 3 b&agrave;n, Tottenham chủ động nhường lại thế trận cho đối thủ. Southampton nỗ t&igrave;m b&agrave;n gỡ nhưng kh&ocirc;ng hiệu quả. Họ c&ograve;n phải đối mặt với 2 cơ hội nguy hiểm kh&aacute;c của Tottenham nhưng may mắn kh&ocirc;ng thủng lưới.</p>\r\n\r\n<p>Mặc d&ugrave; vậy, khoảng c&aacute;ch 3 b&agrave;n l&agrave; qu&aacute; đủ để Tottenham gi&agrave;nh trọn vẹn 3 điểm trong ng&agrave;y khai m&agrave;n Ngoại hạng Anh 2022/23.</p>\r\n\r\n<p><strong>Tỉ số chung cuộc:</strong>&nbsp;Tottenham 4-1 Southampton (H1: 2-1)</p>\r\n\r\n<p><strong>Ghi b&agrave;n</strong></p>\r\n\r\n<p>Tottenham: Sessegnon 21&#39;, Dier 32&#39;, Salisu 61&#39; (phản lưới), Kulusevski 63&#39;</p>\r\n\r\n<p>Southampton: Ward Prowse 12&#39;</p>\r\n\r\n<p><strong>Đội h&igrave;nh xuất ph&aacute;t</strong></p>\r\n\r\n<p>&nbsp;Tottenham: Lloris, Davies, Dier, Romero, Emerson, Bentancur, H&oslash;jbjerg, Sessegnon, Son, Kulusevski, Kane.</p>\r\n\r\n<p>Southampton: Bazunu, Walker-Peters, Bednarek, Salisu, Valery, Djenepo, Romeu, Ward-Prowse, Aribo, Lavia, A Armstrong.</p>\r\n\r\n<p><strong>Th&ocirc;ng số trận đấu</strong></p>\r\n\r\n<p><img alt=\"Kết quả bóng đá Tottenham - Southampton: Ngược dòng đẳng cấp, đại tiệc mãn nhãn (Vòng 1 Ngoại hạng Anh) - 3\" src=\"https://cdn.24h.com.vn/upload/3-2022/images/2022-08-06/tot-0-70-1659775591-197-width70height70.jpg\" />TottenhamSouthampton<img alt=\"Kết quả bóng đá Tottenham - Southampton: Ngược dòng đẳng cấp, đại tiệc mãn nhãn (Vòng 1 Ngoại hạng Anh) - 4\" src=\"https://cdn.24h.com.vn/upload/3-2022/images/2022-08-06/sou-0-70-1659775591-311-width70height70.jpg\" /></p>\r\n\r\n<p>&nbsp;</p>\r\n\r\n<p>S&uacute;t khung th&agrave;nh</p>\r\n\r\n<p>18(8)</p>\r\n\r\n<p>&nbsp;</p>\r\n\r\n<p>9(2)</p>\r\n\r\n<p>Thời gian kiểm so&aacute;t b&oacute;ng</p>\r\n\r\n<p>57%</p>\r\n\r\n<p>&nbsp;</p>\r\n\r\n<p>43%</p>\r\n\r\n<p>Phạm lỗi</p>\r\n\r\n<p>11</p>\r\n\r\n<p>&nbsp;</p>\r\n\r\n<p>6</p>\r\n\r\n<p>Thẻ v&agrave;ng</p>\r\n\r\n<p>3</p>\r\n\r\n<p>&nbsp;</p>\r\n\r\n<p>0</p>\r\n\r\n<p>Thẻ đỏ</p>\r\n\r\n<p>0</p>\r\n\r\n<p>&nbsp;</p>\r\n\r\n<p>0</p>\r\n\r\n<p>Việt vị</p>\r\n\r\n<p>2</p>\r\n\r\n<p>&nbsp;</p>\r\n\r\n<p>0</p>\r\n\r\n<p>Phạt g&oacute;c</p>\r\n\r\n<p>9</p>\r\n\r\n<p>&nbsp;</p>\r\n\r\n<p>2</p>\r\n\r\n<p>Cứu thua</p>\r\n\r\n<p>1</p>\r\n\r\n<p>&nbsp;</p>\r\n\r\n<p>4</p>\r\n\r\n<p><strong>Chấm điểm cầu thủ</strong></p>\r\n\r\n<p>Tottenham<img alt=\"Kết quả bóng đá Tottenham - Southampton: Ngược dòng đẳng cấp, đại tiệc mãn nhãn (Vòng 1 Ngoại hạng Anh) - 5\" src=\"https://cdn.24h.com.vn/upload/3-2022/images/2022-08-06/tot-0-70-1659775591-197-width70height70.jpg\" style=\"width:70px\" />VS<img alt=\"Kết quả bóng đá Tottenham - Southampton: Ngược dòng đẳng cấp, đại tiệc mãn nhãn (Vòng 1 Ngoại hạng Anh) - 6\" src=\"https://cdn.24h.com.vn/upload/3-2022/images/2022-08-06/sou-0-70-1659775591-311-width70height70.jpg\" style=\"width:70px\" />Southampton</p>\r\n\r\n<p><strong>Điểm</strong></p>\r\n\r\n<p>Lloris&nbsp;6.4</p>\r\n\r\n<p>Davies&nbsp;7.0</p>\r\n\r\n<p>Dier&nbsp;7.4</p>\r\n\r\n<p>Romero&nbsp;6.8</p>\r\n\r\n<p>Sessegnon&nbsp;7.4</p>\r\n\r\n<p>Bentancur&nbsp;7.4</p>\r\n\r\n<p>Hojbjerg&nbsp;7.2</p>\r\n\r\n<p>Emerson&nbsp;7.6</p>\r\n\r\n<p>Kulusevski&nbsp;8.6</p>\r\n\r\n<p>Son&nbsp;8.2</p>\r\n\r\n<p>Kane&nbsp;7.2</p>\r\n\r\n<p><strong>Điểm</strong></p>\r\n\r\n<p>Bazunu6.5</p>\r\n\r\n<p>Peters6.8</p>\r\n\r\n<p>Salisu5.9</p>\r\n\r\n<p>Bednarek6.0</p>\r\n\r\n<p>Valery5.7</p>\r\n\r\n<p>Armstrong5.9</p>\r\n\r\n<p>Ward-Prowse7.3</p>\r\n\r\n<p>Romeu6.3</p>\r\n\r\n<p>Lavia6.4</p>\r\n\r\n<p>Aribo6.4</p>\r\n\r\n<p>Djenepo6.4</p>\r\n\r\n<p><strong>Thay người</strong></p>\r\n\r\n<p>Bissouma&nbsp;6.2</p>\r\n\r\n<p>Doherty&nbsp;6.0</p>\r\n\r\n<p>Lenglet&nbsp;6.1</p>\r\n\r\n<p>Perisic&nbsp;6.3</p>\r\n\r\n<p>Moura&nbsp;6.1</p>\r\n\r\n<p><strong>Thay người</strong></p>\r\n\r\n<p>Armstrong5.8</p>\r\n\r\n<p>Redmond6.0</p>\r\n\r\n<p>Stephens6.3</p>\r\n\r\n<p>Diallo6.0</p>\r\n\r\n<p>Perraud6.1</p>\r\n\r\n<p>Đỏ: Cầu thủ xuất sắc nhất trận</p>\r\n\r\n<p>Đen: Cầu thủ tệ nhất trận</p>\r\n', 'Null', '2022-08-07 00:00:00', '2022-08-07 00:00:00', 1611844, 1, 8),
(27, 'Ronaldo gia nhập Chelsea: The Blues đặt nước Anh dưới gót giày', 'ronaldo-gia-nhap-chelsea-the-blues-dat-nuoc-anh-duoi-got-giay', '<p><strong>Mặc d&ugrave; từng bị Chelsea từ chối nhưng giờ đ&acirc;y, Ronaldo lại đang ở rất gần với đội chủ s&acirc;n Stamford Bridge. Nếu thương vụ th&agrave;nh c&ocirc;ng, kh&ocirc;ng ngoại trừ khả năng anh sẽ trở th&agrave;nh bom tấn đ&iacute;ch thực của m&ugrave;a H&egrave; năm nay.</strong></p>\r\n\r\n<p>Chelsea đang trải qua một m&ugrave;a chuyển nhượng kh&ocirc;ng qu&aacute; tưng bừng nhưng những bản hợp đồng họ mang về đều thực sự chất lượng v&agrave; mang t&iacute;nh thực dụng cao. Tuy nhi&ecirc;n, một vấn đề mu&ocirc;n thuở từ nhiều m&ugrave;a giải nay The Blues vẫn đang thực sự cần c&oacute; l&agrave; tiền đạo cắm thực thụ.&nbsp;</p>\r\n\r\n<blockquote>\r\n<p><a href=\"https://cdn-img.thethao247.vn/origin_865x0/storage/files/tranvutung/2022/08/04/ronaldo-gia-nhap-chelsea-the-blues-dat-nuoc-anh-duoi-got-giay-166234.jpg\"><img alt=\"Ronaldo gia nhập Chelsea: The Blues đặt nước Anh dưới gót giày 166234\" src=\"https://cdn-img.thethao247.vn/origin_865x0/storage/files/tranvutung/2022/08/04/ronaldo-gia-nhap-chelsea-the-blues-dat-nuoc-anh-duoi-got-giay-166234.jpg\" style=\"border-style:solid; border-width:1px; margin:1px; width:100%\" /></a></p>\r\n\r\n<p>Chelsea từng cực kỳ đ&aacute;ng sợ khi c&oacute; những tiền đạo giỏi trong đội h&igrave;nh. Ảnh: internet</p>\r\n</blockquote>\r\n\r\n<p>N&ecirc;n nhớ rằng, chưa một thời kỳ n&agrave;o, khi m&agrave; Chelsea sở hữu một trung phong đẳng cấp m&agrave; họ kh&ocirc;ng c&oacute; &iacute;t nhất 1 danh hiệu v&ocirc; địch Ngoại hạng Anh. Nổi bật nhất phải kể tới những Didier Drogba dưới thời Mourinho, Carlo Ancelotti hay Diego Costa của Antonio Conte.&nbsp;</p>\r\n\r\n<p>Tuy nhi&ecirc;n, từ khoảng 5 năm đổ lại đ&acirc;y, h&igrave;nh b&oacute;ng những cầu thủ c&oacute; thể ghi hơn 20 b&agrave;n một m&ugrave;a cho Chelsea đ&atilde; &quot;tuyệt chủng&quot; ho&agrave;n to&agrave;n. Những Moratta, O. Giroud hay mới đ&acirc;y nhất l&agrave; Romelu Lukaku chỉ để lại nỗi thất vọng cho c&aacute;c CĐV của s&acirc;n Stamford Bridge.&nbsp;</p>\r\n\r\n<blockquote>\r\n<p><a href=\"https://cdn-img.thethao247.vn/origin_865x0/storage/files/tranvutung/2022/08/04/ronaldo-gia-nhap-chelsea-the-blues-dat-nuoc-anh-duoi-got-giay-166235.jpg\"><img alt=\"Ronaldo gia nhập Chelsea: The Blues đặt nước Anh dưới gót giày 166235\" src=\"https://cdn-img.thethao247.vn/origin_865x0/storage/files/tranvutung/2022/08/04/ronaldo-gia-nhap-chelsea-the-blues-dat-nuoc-anh-duoi-got-giay-166235.jpg\" style=\"border-style:solid; border-width:1px; margin:1px; width:100%\" /></a></p>\r\n\r\n<p>Chelsea đ&atilde; phải qu&aacute; chật vật để t&igrave;m kiếm những trung phong si&ecirc;u sao suốt nhiều năm qua. Ảnh: internet</p>\r\n</blockquote>\r\n\r\n<p>V&agrave; c&oacute; lẽ, đến ch&iacute;nh HLV hiện tại của The Blues l&agrave; Thomas Tuchel cũng thấu hiểu điều đ&oacute;. Cũng ch&iacute;nh v&igrave; vậy, từ ng&agrave;y nh&agrave; cầm qu&acirc;n người Đức l&ecirc;n nắm quyền, Chelsea chưa bao giờ ngưng &quot;săn&quot; những tiền đạo cắm chất lượng khắp thế giới.&nbsp;</p>\r\n\r\n<p>M&ugrave;a chuyển nhượng H&egrave; năm nay cũng chứng kiến một sự cố gắng kh&ocirc;ng hề nhỏ của đội b&oacute;ng T&acirc;y London nhằm t&igrave;m kiếm một trung phong giỏi. Mặc d&ugrave; vậy, c&aacute;i &quot;duy&ecirc;n&quot; vẫn chưa tới với Chelsea khi m&agrave; hầu như những ch&acirc;n s&uacute;t họ nhắm tới đều đ&atilde; ổn định tương lai.&nbsp;</p>\r\n\r\n<blockquote>\r\n<p><a href=\"https://cdn-img.thethao247.vn/origin_865x0/storage/files/tranvutung/2022/08/04/ronaldo-gia-nhap-chelsea-the-blues-dat-nuoc-anh-duoi-got-giay-166236.jpg\"><img alt=\"Ronaldo gia nhập Chelsea: The Blues đặt nước Anh dưới gót giày 166236\" src=\"https://cdn-img.thethao247.vn/origin_865x0/storage/files/tranvutung/2022/08/04/ronaldo-gia-nhap-chelsea-the-blues-dat-nuoc-anh-duoi-got-giay-166236.jpg\" style=\"border-style:solid; border-width:1px; margin:1px; width:100%\" /></a></p>\r\n\r\n<p>Timo Werner v&agrave; Lukaku từng l&agrave; niềm hy vọng về việc &quot;x&oacute;a dớp&quot; số 9 ở Chelsea nhưng kh&ocirc;ng th&agrave;nh. Ảnh: internet</p>\r\n</blockquote>\r\n\r\n<p>Bối cảnh đ&oacute; đang buộc HLV Thomas Tuchel phải quay lại với thương vụ Cristiano Ronaldo - Người đ&atilde; bị ch&iacute;nh cựu chiến lược gia Dortmund thẳng thừng từ chối c&aacute;ch đ&acirc;y &iacute;t l&acirc;u. Tuy nhi&ecirc;n, Ronaldo c&oacute; thể kh&ocirc;ng phải một sự lựa chọn tối ưu của Tuchel nhưng rất c&oacute; thể, anh ch&iacute;nh l&agrave; mảnh gh&eacute;p m&agrave; nh&agrave; cầm qu&acirc;n người Đức c&ograve;n thiếu.&nbsp;</p>\r\n\r\n<p>N&ecirc;n nhớ, ở m&ugrave;a giải vừa qua, Chelsea l&agrave; một trong số những đội tạo ra nhiều cơ hội quanh v&ograve;ng cấm nhất cả ch&acirc;u &Acirc;u. Tuy nhi&ecirc;n, sự &quot;gỗ&quot; của c&aacute;c trung phong b&ecirc;n ph&iacute;a The Blues l&agrave; qu&aacute; v&ocirc; duy&ecirc;n n&ecirc;n l&uacute;c n&agrave;o họ cũng phải chật vật để kết liễu đối thủ.&nbsp;</p>\r\n\r\n<blockquote>\r\n<p><a href=\"https://cdn-img.thethao247.vn/origin_865x0/storage/files/tranvutung/2022/08/04/ronaldo-gia-nhap-chelsea-the-blues-dat-nuoc-anh-duoi-got-giay-166237.jpg\"><img alt=\"Ronaldo gia nhập Chelsea: The Blues đặt nước Anh dưới gót giày 166237\" src=\"https://cdn-img.thethao247.vn/origin_865x0/storage/files/tranvutung/2022/08/04/ronaldo-gia-nhap-chelsea-the-blues-dat-nuoc-anh-duoi-got-giay-166237.jpg\" style=\"border-style:solid; border-width:1px; margin:1px; width:100%\" /></a></p>\r\n\r\n<p>Chelsea chi&ecirc;u mộ Ronaldo sẽ l&agrave; một phương &aacute;n cực kỳ ph&ugrave; hợp với cả 2 ph&iacute;a. Ảnh: internet</p>\r\n</blockquote>\r\n\r\n<p>C&ograve;n Ronaldo, anh tiếp tục thể hiện đẳng cấp hơn người của m&igrave;nh với 18 b&agrave;n thắng cho MU ở m&ugrave;a trước. N&ecirc;n nhớ, Quỷ đỏ ở m&ugrave;a b&oacute;ng vừa qua c&oacute; phong c&aacute;ch thi đấu tr&aacute;i ngược ho&agrave;n to&agrave;n Chelsea nhưng si&ecirc;u sao người Bồ vẫn biết c&aacute;ch để đưa tr&aacute;i b&oacute;ng v&agrave;o lưới những đội b&oacute;ng đối đầu với m&igrave;nh.&nbsp;</p>\r\n\r\n<p>Vậy để thấy, c&oacute; thể Ronaldo đ&atilde; 37 tuổi nhưng đẳng cấp của anh ch&iacute;nh l&agrave; điều m&agrave; HLV Thomas Tuchel đang cực kỳ cần. C&ograve;n với Chelsea, họ cũng c&oacute; thể đem tới cho anh những g&igrave; anh đang hằng ao ước - Được thi đấu đỉnh cao ở c&uacute;p C1 ch&acirc;u &Acirc;u.&nbsp;</p>\r\n\r\n<blockquote>\r\n<p><a href=\"https://cdn-img.thethao247.vn/origin_865x0/storage/files/tranvutung/2022/08/04/ronaldo-gia-nhap-chelsea-the-blues-dat-nuoc-anh-duoi-got-giay-166239.jpg\"><img alt=\"Ronaldo gia nhập Chelsea: The Blues đặt nước Anh dưới gót giày 166239\" src=\"https://cdn-img.thethao247.vn/origin_865x0/storage/files/tranvutung/2022/08/04/ronaldo-gia-nhap-chelsea-the-blues-dat-nuoc-anh-duoi-got-giay-166239.jpg\" style=\"border-style:solid; border-width:1px; margin:1px; width:100%\" /></a></p>\r\n\r\n<p>Mặc d&ugrave; thi đấu ở MU m&ugrave;a vừa qua nhưng Ronaldo vẫn thể hiện t&agrave;i năng của anh hơn rất nhiều c&aacute;c tiền đạo m&agrave; Chelsea đang sở hữu.</p>\r\n</blockquote>\r\n\r\n<p>Tổng quan lại, r&otilde; r&agrave;ng Ronaldo v&agrave; Chelsea ở thời điểm n&agrave;y l&agrave; 2 nửa mảnh gh&eacute;p ho&agrave;n to&agrave;n ăn khớp với nhau. V&agrave; trong một ng&agrave;y đẹp trời,&nbsp;nếu si&ecirc;u sao người Bồ thực sự kho&aacute;c l&ecirc;n chiếc &aacute;o m&agrave;u xanh của th&agrave;nh London&nbsp;th&igrave; đ&oacute; c&oacute; thể sẽ l&agrave; nỗi khiếp sợ cho cả nước Anh.&nbsp;</p>\r\n\r\n<table border=\"1\">\r\n	<tbody>\r\n		<tr>\r\n			<td colspan=\"2\" rowspan=\"2\">\r\n			<h2>Chelsea t&aacute;i khởi động thương vụ Ronaldo</h2>\r\n\r\n			<p>Nguồn tin từ ph&oacute;ng vi&ecirc;n Nathan Gissing cho hay,&nbsp;Chelsea&nbsp;đang c&acirc;n nhắc chi&ecirc;u mộ Cristiano Ronaldo v&agrave;o cuối kỳ chuyển nhượng h&egrave; 2022 sau những diễn biến phức tạp về&nbsp;tương lai của si&ecirc;u sao 37 tuổi.&nbsp;Được biết, Nathan Gissing l&agrave; quản trị vi&ecirc;n trang Instagram Cfcnewspage, nguồn tin h&agrave;ng đầu về Chelsea v&agrave; đang l&agrave;m việc cho nh&agrave; b&aacute;o nổi tiếng Gianluca Di Marzio.&nbsp; &nbsp;</p>\r\n\r\n			<p>&quot;T&ocirc;i được th&ocirc;ng b&aacute;o rằng Chelsea sẽ c&acirc;n nhắc chi&ecirc;u mộ Ronaldo v&agrave;o cuối kỳ chuyển nhượng h&egrave;&quot;, tr&iacute;ch lời&nbsp;Nathan Gissing.</p>\r\n			</td>\r\n		</tr>\r\n	</tbody>\r\n</table>\r\n', 'Null', '2022-08-07 00:00:00', '2022-08-07 00:00:00', 14, 1, 7),
(29, 'Đội hình Bayern Munich 2022/2023: Danh sách, số áo cầu thủ chi tiết', 'doi-hinh-bayern-munich-2022-2023-danh-sach-so-ao-cau-thu-chi-tiet', '<p><strong>Đội h&igrave;nh cầu thủ Bayern Munich 2022/2023 mới nhất. Cập nhật danh s&aacute;ch đội h&igrave;nh, số &aacute;o cầu thủ CLB Bayern Munich thi đấu m&ugrave;a giải năm nay.</strong></p>\r\n\r\n<p>Đội h&igrave;nh Bayern Munich m&ugrave;a n&agrave;y đ&atilde; c&oacute; những x&aacute;o trộn đ&aacute;ng kể sau sự ra đi của Robert Lewandowski. Tiền đạo người Ba Lan quyết định chia tay đội b&oacute;ng m&agrave; anh gi&agrave;nh được rất nhiều th&agrave;nh c&ocirc;ng. Tuy nhi&ecirc;n, CLB xứ Bavaria cũng nhanh ch&oacute;ng h&agrave;nh động để lấp đầy khoảng trống n&agrave;y bằng Sadio Mane.</p>\r\n\r\n<p><img src=\"https://cdnmedia.webthethao.vn/uploads/2022-08-06/mane-bayern-ghi-ban.jpg\" style=\"border-style:solid; border-width:0px; width:100%\" /></p>\r\n\r\n<p><strong>Mane được Bayern đưa về thay thế cho Lewandowski</strong></p>\r\n\r\n<p>Sự hiện diện của Mane từ Liverpool gi&uacute;p h&agrave;ng c&ocirc;ng Bayern vẫn duy tr&igrave; được sức mạnh chiều s&acirc;u, bởi họ c&ograve;n tăng cường th&ecirc;m tiền đạo 17 tuổi Mathys Tel.</p>\r\n\r\n<p>Đ&acirc;y l&agrave; kỳ chuyển nhượng s&ocirc;i động của Bayern khi cả h&agrave;ng hậu vệ v&agrave; tiền vệ cũng được bổ sung đ&aacute;ng kể. Họ chi gần 70 triệu euro chưa kể tiền thưởng cho Mathijs de Ligt, thu h&uacute;t cả bộ đ&ocirc;i của Ajax l&agrave; Ryan Gravenberch v&agrave; Noussair Mazraoui.</p>\r\n\r\n<h2>Đội h&igrave;nh Bayern Munich 2022/2023 (số &aacute;o, t&ecirc;n, quốc tịch, năm sinh)</h2>\r\n\r\n<p>1. Manuel Neuer (Đức, 1986)</p>\r\n\r\n<p>2. Dayot Upamecano (Ph&aacute;p, 1998)</p>\r\n\r\n<p>4. Matthijs de Ligt (H&agrave; Lan, 1999)</p>\r\n\r\n<p>5. Benjamin Pavard (Ph&aacute;p, 1996)</p>\r\n\r\n<p>6. Joshua Kimmich (Đức, 1995)</p>\r\n\r\n<p>7. Serge Gnabry (Đức, 1995)</p>\r\n\r\n<p>8. Leon Goretzka (Đức, 1995)</p>\r\n\r\n<p>10. Leroy Sane (Đức, 1996)</p>\r\n\r\n<p>11. Kingsley Coman (Ph&aacute;p, 1996)</p>\r\n\r\n<p>13. Eric Maxim Choupo-Moting (Cameroon, 1989)</p>\r\n\r\n<p>14. Paul Wanner (Đức, 2005)</p>\r\n\r\n<p>17. Sadio Mane (Senegal, 1993)</p>\r\n\r\n<p>18. Marcel Sabitzer (&Aacute;o, 1994)</p>\r\n\r\n<p>19. Alphonso Davies (Canada, 2000)</p>\r\n\r\n<p>20. Bouna Sarr (Ph&aacute;p, 1992)</p>\r\n\r\n<p>21. Lucas Hernandez (Ph&aacute;p, 1996)</p>\r\n\r\n<p>22. Marc Roca (T&acirc;y Ban Nha, 1996)</p>\r\n\r\n<p>23. Tanguy Nianzou (Ph&aacute;p, 2002)</p>\r\n\r\n<p>25. Thomas Muller (Đức, 1989)</p>\r\n\r\n<p>26. Sven Ulreich (Đức, 1988)</p>\r\n\r\n<p>28. Gabriel Vidovic (Croatia, 2003)</p>\r\n\r\n<p>32. Joshua Zirkzee (H&agrave; Lan, 2001)</p>\r\n\r\n<p>38. Ryan Gravenberch (H&agrave; Lan, 2002)</p>\r\n\r\n<p>39. Mathys Tel (Ph&aacute;p, 2005)</p>\r\n\r\n<p>40. Noussair Mazraoui (Ma rốc, 1997)</p>\r\n\r\n<p>42. Jamal Musiala (Đức, 2003)</p>\r\n\r\n<p>44. Josip Stanisic (Croatia, 2000)</p>\r\n', 'Null', '2022-08-10 00:00:00', '2022-08-10 00:00:00', 1611845, 1, 15);
INSERT INTO `cqn_baiviet` (`post_id`, `tenbaiviet`, `slug_bv`, `noidung`, `tag`, `post_date`, `last_update_date`, `category_id`, `user_id`, `view`) VALUES
(30, 'Bayern Munich vs Wolfsburg - Thử thách tiếp theo cho thầy trò Julian Nagelsmann', 'bayern-munich-vs-wolfsburg-thu-thach-tiep-theo-cho-thay-tro-julian-nagelsmann', '<h2>Th&ocirc;ng tin đ&aacute;ng ch&uacute; &yacute; Bayern Munich vs Wolfsburg</h2>\r\n\r\n<ul>\r\n	<li>Bayern thắng Wolfsburg ở 24/25 cuộc chạm tr&aacute;n gần nhất diễn ra tại Allianz Arena</li>\r\n	<li>Bayern ghi &iacute;t nhất 2 b&agrave;n/trận ở 21/23 m&agrave;n tiếp đ&oacute;n Wolfsburg gần nhất&nbsp;</li>\r\n	<li>16/19 trận s&acirc;n nh&agrave; của Bayern gần nhất ở Bundesliga c&oacute; tr&ecirc;n 2 b&agrave;n</li>\r\n	<li>Bayern bất bại 12/13 trận gần nhất ở Bundesliga</li>\r\n	<li>Bayern giữ sạch lưới ở 5/7 m&agrave;n tiếp đ&oacute;n Wolfsburg gần nhất</li>\r\n</ul>\r\n\r\n<h2>Th&agrave;nh t&iacute;ch gần đ&acirc;y Bayern Munich vs Wolfsburg</h2>\r\n\r\n<p><img alt=\"\" src=\"https://cdn.bongdaplus.vn/Assets/Media/2022/08/12/42/thanhtichdoidau.jpg\" style=\"width:100%\" /></p>\r\n\r\n<h2>Th&ocirc;ng tin lực lượng Bayern Munich vs Wolfsburg</h2>\r\n\r\n<ul>\r\n	<li><strong>Bayern:</strong>&nbsp;Choupo-Moting, Goretzka chấn thương, Coman bị cấm thi đấu</li>\r\n	<li><strong>Wolfsburg:&nbsp;</strong>Wind, Gerhardt chấn thương, khả năng ra s&acirc;n của Franjic, Fischer c&ograve;n bỏ ngỏ</li>\r\n</ul>\r\n\r\n<h2>Đội h&igrave;nh dự kiến Bayern Munich vs Wolfsburg</h2>\r\n\r\n<p><img alt=\"\" src=\"https://cdn.bongdaplus.vn/Assets/Media/2022/08/12/42/doihinhdukien.jpg\" style=\"width:100%\" /></p>\r\n\r\n<p>Theo thống k&ecirc;, Bayern đ&atilde; ghi &iacute;t nhất 2 b&agrave;n/trận ở 21/23 m&agrave;n tiếp đ&oacute;n Wolfsburg gần nhất. C&ugrave;ng với đ&oacute;, 16/19 trận s&acirc;n nh&agrave; của Bayern gần nhất ở Bundesliga c&oacute; tối thiểu 3 b&agrave;n. Đ&acirc;y l&agrave; cơ sở để tin rằng trận đấu tới giữa 2 đội sẽ c&oacute; nhiều b&agrave;n thắng.</p>\r\n\r\n<p>Bayern l&agrave; đội b&oacute;ng đ&atilde; thống trị l&agrave;ng b&oacute;ng đ&aacute; Đức cả chục năm nay. Họ được lịch sử ủng hộ khi đ&atilde; thắng Wolfsburg ở 24/25 cuộc chạm tr&aacute;n gần nhất diễn ra tại Allianz Arena. Với sức mạnh vượt trội, nhiều khả năng H&ugrave;m x&aacute;m sẽ gi&agrave;nh được chiến thắng với tỷ số c&aacute;ch biệt.</p>\r\n', 'Null', '2022-08-13 00:00:00', '2022-08-13 00:00:00', 1611845, 1, 19),
(31, 'Jamal Musiala - Viên ngọc sáng của Bayern và tuyển quốc gia Đức', 'jamal-musiala-vien-ngoc-sang-cua-bayern-va-tuyen-quoc-gia-duc', '<p><strong>Ch&agrave;ng trai mảnh khảnh Jamal Musiala đang đ&oacute;ng vai người khổng lồ tr&ecirc;n h&agrave;ng c&ocirc;ng đầy rẫy ng&ocirc;i sao của Bayern Munich.</strong></p>\r\n\r\n<p>Ph&uacute;t thứ 33 trận&nbsp;<a href=\"https://www.chaucongtu.gq/bai-viet/bayern-munich-vs-wolfsburg-thu-thach-tiep-theo-cho-thay-tro-julian-nagelsmann.html\" target=\"_blank\">Bayern vs Wolfsburg</a>&nbsp;cuối tuần qua, Musiala nhận b&oacute;ng từ Thomas Mueller trong thế quay lưng về khung th&agrave;nh đối phương. Maxence Lacroix ập v&agrave;o rất nhanh nhưng Musiala bằng động t&aacute;c c&agrave;i người gọn g&agrave;ng đ&atilde; tho&aacute;t khỏi hậu vệ người Ph&aacute;p. Th&ecirc;m một nhịp nhấn v&agrave; tiền vệ 19 tuổi tung c&uacute; s&uacute;t căng như kẻ chỉ từ ngo&agrave;i v&ograve;ng 16m50. Một b&agrave;n thắng ph&ocirc; diễn được hết phẩm chất ưu t&uacute; của Musiala: kỹ thuật trời ph&uacute;, th&acirc;n ph&aacute;p nhanh lẹ v&agrave; kỹ năng dứt điểm ho&agrave;n hảo.</p>\r\n\r\n<p>Ng&agrave;y qua ng&agrave;y, Musiala tiếp tục l&agrave; ng&ocirc;i sao s&aacute;ng nhất tr&ecirc;n h&agrave;ng c&ocirc;ng Bayern. Tiền vệ trẻ người Đức g&oacute;p 1 b&agrave;n, 1 kiến tạo v&agrave;o chiến thắng 5-2 trước RB Leipzig tại trận Si&ecirc;u C&uacute;p Đức, sau đ&oacute; lập c&uacute; đ&uacute;p ở v&ograve;ng đấu mở m&agrave;n gặp Frankfurt (5-2) v&agrave; cuối tuần qua l&agrave; b&agrave;n mở tỷ số trước Wolfsburg (2-0). Chỉ sau 3 trận đầu ti&ecirc;n của m&ugrave;a b&oacute;ng, Musiala đ&atilde; ghi 4 b&agrave;n v&agrave; c&oacute; 1 đường kiến tạo. &ldquo;T&ocirc;i phải v&agrave;o ph&ograve;ng thay đồ t&igrave;m gặp Musiala để n&oacute;i rằng cậu ấy c&ograve;n c&oacute; thể chơi hay hơn nữa&rdquo;, GĐĐH Oliver Kahn chia sẻ tr&ecirc;n Bild. Ở tuổi 19 v&agrave; 169 ng&agrave;y, Musiala đ&atilde; đi v&agrave;o lịch sử khi trở th&agrave;nh cầu thủ Đức trẻ nhất c&aacute;n mốc 14 b&agrave;n thắng tại Bundesliga. Chỉ c&oacute; Jadon Sancho (Anh) l&agrave;m được điều đ&oacute; sớm hơn khi mới 19 tuổi 145 ng&agrave;y.</p>\r\n\r\n<p><img alt=\"Pha ra chân ghi bàn đẳng cấp của Musiala (áo sẫm) ở trận thắng Wolfsburg\" src=\"https://cdn.bongdaplus.vn/Assets/Media/2022/08/16/25/musiala-1.jpg\" style=\"border-style:solid; border-width:1px; margin:1px; width:100%\" />Pha ra ch&acirc;n ghi b&agrave;n đẳng cấp của Musiala (&aacute;o sẫm) ở trận thắng Wolfsburg</p>\r\n\r\n<p>&ldquo;Điều t&ocirc;i ưng nhất ở Musiala l&agrave; sự khi&ecirc;m tốn. Cậu ấy lu&ocirc;n muốn học hỏi v&agrave; ho&agrave;n thiện m&igrave;nh. Cậu ấy kh&ocirc;ng bay cao như người ta tung h&ocirc;, đơn giản cậu ấy đang c&oacute; phong độ tốt&rdquo;, Julian Nagelsmann n&oacute;i về học tr&ograve;. Musiala c&oacute; thể đang l&agrave; mũi c&ocirc;ng chủ lực của Bayern nhưng trong ph&ograve;ng thay đồ vẫn l&agrave; cậu em &uacute;t cầu tiến v&agrave; học hỏi. Ch&agrave;ng trai 19 tuổi vẫn chưa h&agrave;i l&ograve;ng về thể h&igrave;nh mỏng cơm của m&igrave;nh: &ldquo;cải thiện h&igrave;nh thể l&agrave; một trong những mục ti&ecirc;u của t&ocirc;i ở m&ugrave;a giải n&agrave;y. T&ocirc;i sẽ d&agrave;nh nhiều thời gian hơn trong ph&ograve;ng gym. Nếu t&ocirc;i muốn đấu với những cầu thủ giỏi nhất, &iacute;t nhất t&ocirc;i phải đủ khỏe để đấu sức với họ&rdquo;.</p>\r\n\r\n<p>Musiala chơi tốt nhất khi đ&aacute; lệch c&aacute;nh để tận dụng tốc độ v&agrave; khả năng r&ecirc; b&oacute;ng kỹ thuật. Nhưng m&ugrave;a trước, cầu thủ sinh năm 2003 đ&atilde; ho&agrave;n th&agrave;nh xuất sắc nhiệm vụ bất đắc dĩ ở trung t&acirc;m h&agrave;ng tiền vệ, b&ecirc;n cạnh Joshua Kimmich. M&ugrave;a n&agrave;y sau khi tuyến giữa được bổ sung, Nagelsmann k&eacute;o Musiala trở lại c&aacute;nh tr&aacute;i để cầu thủ 19 tuổi ph&aacute;t huy tối đa phẩm chất nổi trội. Nếu Kingsley Coman, Serge Gnabry v&agrave; cả Leroy Sane c&oacute; thể bị hất l&ecirc;n ghế dự bị th&igrave; tại thời điểm n&agrave;y, Nagelsmann tin tưởng tuyệt đối v&agrave;o Musiala cho một suất đ&aacute; ch&iacute;nh.</p>\r\n\r\n<p>Nếu Musiala tiếp tục chơi thế n&agrave;y, tiền vệ 19 tuổi sẽ biến World Cup v&agrave;o th&aacute;ng 11 th&agrave;nh s&acirc;n khấu của ri&ecirc;ng m&igrave;nh.</p>\r\n', 'Null', '2022-08-17 00:00:00', '2022-08-17 00:00:00', 1611845, 1, 16),
(32, 'Bochum vs Bayern Munich: 0-7 (Vòng 3 Bundesliga 2022/23)', 'bochum-vs-bayern-munich-0-7-vong-3-bundesliga-2022-23-', '<p>Một cơn mưa b&agrave;n thắng đ&atilde; được tạo ra ở trận Bochum vs Bayern khi H&ugrave;m x&aacute;m đ&aacute;nh bại đối thủ với tỷ số 7-0. Đ&aacute;ng ch&uacute; &yacute;, t&acirc;n binh Sadio Mane tiếp tục nổ s&uacute;ng với 1 c&uacute; đ&uacute;p.</p>\r\n\r\n<p><strong>B&agrave;n thắng<br />\r\nBayern:</strong>&nbsp;San&eacute; (4&#39;), De Ligt (25&#39;), Coman (33&#39;), Man&eacute; (42&#39;, 60&#39;-pen), Gamboa (69&#39;-phản lưới), Gnabry (76&#39;)</p>\r\n\r\n<p>Bayern hiện tại vẫn qu&aacute; mạnh so với mặt bằng chung của Bundesliga v&agrave; một đội b&oacute;ng nhỏ như Bochum gần như kh&ocirc;ng c&oacute; hy vọng cản bước họ.</p>\r\n\r\n<p>Ngay ph&uacute;t thứ 4, Leroy Sane đ&atilde; mở tỷ số cho H&ugrave;m x&aacute;m bằng một c&uacute; s&uacute;t tr&aacute;i ph&aacute;. Đến ph&uacute;t 25, De Ligt n&acirc;ng tỷ số l&ecirc;n 2-0 cho đội kh&aacute;ch với c&uacute; đ&aacute;nh đầu khi l&ecirc;n tham gia phạt g&oacute;c.</p>\r\n\r\n<p>Ph&uacute;t 31, Coman tận dụng th&agrave;nh c&ocirc;ng sai lầm của h&agrave;ng thủ Bochum để n&acirc;ng tỷ số l&ecirc;n th&agrave;nh 3-0. V&agrave; đến ph&uacute;t 42, Mane đ&atilde; điền t&ecirc;n m&igrave;nh l&ecirc;n bảng tỷ số sau khi ghi b&agrave;n từ đường chuyền của Coman. Lẽ ra cầu thủ người Senegal đ&atilde; c&oacute; b&agrave;n thắng từ ph&uacute;t 40 nếu VAR kh&ocirc;ng từ chối anh.</p>\r\n\r\n<p>Sang hiệp hai, Bayern tiếp tục thống trị trận đấu. Đến ph&uacute;t 60, họ được hưởng một quả penalty v&agrave; Mane dễ d&agrave;ng ho&agrave;n th&agrave;nh nhiệm vụ n&acirc;ng tỷ số l&ecirc;n 5-0. Chỉ 9 ph&uacute;t sau, hậu vệ Gamboa b&ecirc;n ph&iacute;a Bochum đ&aacute; phản lưới nh&agrave; mang về b&agrave;n thắng thứ 6 cho H&ugrave;m x&aacute;m.</p>\r\n\r\n<p>Tới ph&uacute;t 75, cầu thủ v&agrave;o s&acirc;n thay người Serge Gnabry tung c&uacute; s&uacute;t kỹ thuật v&agrave; ghi b&agrave;n thứ 7&nbsp;ấn định chiến thắng tưng bừng cho H&ugrave;m x&aacute;m.</p>\r\n\r\n<p>Kết quả cuối c&ugrave;ng trận Bochum vs Bayern l&agrave; 7-0 nghi&ecirc;ng về ph&iacute;a đội kh&aacute;ch. Bayern vững v&agrave;ng tr&ecirc;n ng&ocirc;i đầu với 3 trận to&agrave;n thắng, ghi được 15 b&agrave;n v&agrave; mới chỉ 1 lần thủng lưới.</p>\r\n\r\n<h2>Đội h&igrave;nh thi đấu Bochum vs Bayern</h2>\r\n\r\n<p><strong>Bochum:&nbsp;</strong>Riemann; Gamboa, Ordets (Masovic 85&#39;), Heintz, Janko (Osei-Tutu 70&#39;); Asano (Holtmann 68&#39;), Stoger, Losilla, Forster (Goralski 68&#39;); Zoller (Lampropoulos 85&#39;), Hofmann<br />\r\n<strong>Bayern:</strong>&nbsp;Neuer; Pavard (Mazraoui 67&#39;), Upamecano, de Ligt, Hernandez (Stanisic 62&#39;); Coman, Kimmich, Sabitzer (Gravenberch 62&#39;), Sane; Mane (Vidovic 72&#39;), Muller (Gnabry 67&#39;)</p>\r\n', 'Null', '2022-08-22 00:00:00', '2022-08-22 00:00:00', 1611845, 1, 38),
(33, 'Kết quả bốc thăm vòng bảng C1 2022 - 2023: Duyên nợ, trở về và những cá nhân xuất sắc', 'ket-qua-boc-tham-vong-bang-c1-2022-2023-duyen-no-tro-ve-va-nhung-ca-nhan-xuat-sac', '<p><strong>Video full buổi bốc thăm chia bảng Champions League (bản quyền FPT), Barcelona rơi v&agrave;o c&ugrave;ng bảng với Bayern Munich v&agrave; Inter Milan, chắc chắn l&agrave; bảng tử thần.</strong></p>\n<div class=\"embed-responsive embed-responsive-16by9\">\n    <iframe class=\"embed-responsive-item\" src=\"https://www.youtube.com/embed/niowCrtOH_s\"></iframe>\n  </div>\n<p>&nbsp;</p>\n\n<p>L&aacute; thăm của hai cựu danh thủ Yaya Toure v&agrave; Hamit Altintop đ&atilde; kh&ocirc;ng những buộc Barcelona trở lại một bảng đấu c&oacute; Bayern Munich, m&agrave; họ sẽ c&ograve;n đối đầu một th&aacute;ch thức kh&aacute;c mang t&ecirc;n Inter Milan do Romelu Lukaku cầm đầu. Đ&acirc;y sẽ l&agrave; bảng &quot;tử thần&quot; của v&ograve;ng bảng UEFA Champions League m&ugrave;a giải n&agrave;y khi quy tụ 3 đội cựu v&ocirc; địch.</p>\n\n<p><em>Bayern sẽ gặp lại Barca, nhưng giờ Lewandowski đ&atilde; ở b&ecirc;n kia chiến tuyến</em></p>\n\n<p>Bayern Munich tất nhi&ecirc;n vẫn c&oacute; nhiều th&agrave;nh vi&ecirc;n g&oacute;p mặt trong trận thắng đậm 8-2 trước Barcelona ở lượt về tứ kết m&ugrave;a 2019/20, tr&ecirc;n h&agrave;nh tr&igrave;nh đi tới chức v&ocirc; địch gần nhất của họ. M&ugrave;a trước Bayern đ&atilde; thắng Barca 3-0 ở cả hai lượt, trong đ&oacute; trận lượt về đ&atilde; chấm dứt hy vọng đi tiếp của đội b&oacute;ng xứ Catalunya. Nhưng lần n&agrave;y Barcelona sẽ c&oacute; Robert Lewandowski trong đội h&igrave;nh sau khi si&ecirc;u sao người Ba Lan chia tay Bayern.</p>\n\n<p>Inter Milan đ&atilde; hạ cả Bayern v&agrave; Barca tr&ecirc;n h&agrave;nh tr&igrave;nh v&ocirc; địch năm 2010 dưới sự dẫn dắt của HLV Jose Mourinho. Mặc d&ugrave; qu&aacute; khứ đ&oacute; đ&atilde; từ l&acirc;u, Inter Milan vẫn l&agrave; một đối trọng đ&aacute;ng gờm ở C&uacute;p&nbsp;<a href=\"https://www.24h.com.vn/cup-c1-champions-league-c153.html\">C1</a>&nbsp;v&agrave; m&ugrave;a n&agrave;y họ sẽ đ&oacute;n ch&agrave;o sự trở lại của Lukaku để t&aacute;i hợp với Lautaro Martinez.</p>\n\n<p>Một bảng đấu kh&aacute;c th&uacute; vị kh&ocirc;ng k&eacute;m l&agrave; bảng H, Paris Saint-Germain sẽ phải d&egrave; chừng cả Juventus v&agrave; Benfica trong khi đại diện đến từ Israel, Maccabi Haifa, kh&oacute; c&oacute; cửa gi&agrave;nh điểm. Juventus đ&atilde; bất bại trước PSG trong 8 lần gặp nhau ở c&uacute;p ch&acirc;u &Acirc;u, nhưng họ đ&atilde; kh&ocirc;ng gặp nhau từ tận năm 1997 khi đ&aacute; trận tranh Si&ecirc;u c&uacute;p ch&acirc;u &Acirc;u. Th&uacute; vị hơn nữa l&agrave; Angel Di Maria sẽ gặp lại đội b&oacute;ng cũ ngay sau khi anh chuyển sang Turin, cũng như t&aacute;i ngộ CLB năm xưa Benfica.</p>\n\n<p><em>Sẽ l&agrave; một ng&agrave;y về m&aacute;i nh&agrave; xưa đầy cảm x&uacute;c cho Haaland</em></p>\n\n<p>N&oacute;i đến người cũ, b&ecirc;n cạnh Lewandowski v&agrave; Di Maria ch&uacute;ng ta c&ograve;n c&oacute; một cuộc hội ngộ nữa ở bảng G. Haaland sẽ trở lại m&aacute;i nh&agrave; cũ Signal Iduna Park để gặp Dortmund nhưng cả đội b&oacute;ng nước Đức lẫn Man City đều phải đề ph&ograve;ng Sevilla. Trong khi đ&oacute; Olivier Giroud sẽ gặp lại CLB cũ Chelsea trong lần đầu ti&ecirc;n AC Milan chung bảng với &quot;The Blues&quot; kể từ m&ugrave;a 1999/2000.</p>\n\n<p>Ở c&aacute;c bảng đấu kh&aacute;c, Liverpool sẽ gặp một Napoli rất kh&aacute;c so với c&aacute;ch đ&acirc;y 3 m&ugrave;a giải nhưng b&ecirc;n cạnh đ&oacute; họ sẽ phải coi chừng Ajax v&agrave; kh&iacute; thế của Rangers, đại diện của Scotland vừa trở lại v&ograve;ng bảng C&uacute;p C1 sau 15 năm. Atletico Madrid sẽ lại c&oacute; một m&agrave;n chạm tr&aacute;n hứa hẹn căng thẳng với Porto, trong khi ĐKVĐ Real Madrid c&oacute; cửa &aacute;p đảo ở bảng F trước những Leipzig, Shakhtar v&agrave; Celtic.&nbsp;</p>\n\n<p>Bảng D mặc d&ugrave; kh&ocirc;ng được xem l&agrave; &quot;tử thần&quot; như bảng C nhưng Frankfurt, Sporting v&agrave; Marseille đều c&oacute; sức mạnh kh&aacute; tương đồng n&ecirc;n v&eacute; v&agrave;o v&ograve;ng 1/8 sẽ kh&ocirc;ng phải dễ kiếm cho Tottenham của Antonio Conte</p>\n\n<p><strong>Kết quả bốc thăm</strong></p>\n\n<p>Bảng A: Ajax (H&agrave; Lan), Liverpool (Anh), Napoli (Italia), Rangers (Scotland)</p>\n\n<p>Bảng B: Porto (Bồ Đ&agrave;o Nha), Atletico Madrid (TBN), Leverkusen (Đức), Club Brugge (Bỉ)</p>\n\n<p>Bảng C: Bayern Munich (Đức), Barcelona (TBN), Inter Milan (Italia), Viktoria Plzen (CH Czech)</p>\n\n<p>Bảng D: Frankfurt (Đức), Tottenham (Anh), Sporting (BĐN), Marseille (Ph&aacute;p)</p>\n\n<p>Bảng E: AC Milan (Italia), Chelsea (Anh), Salzburg (&Aacute;o), Dynamo Zagreb (Croatia)</p>\n\n<p>Bảng F: Real Madrid (T&acirc;y Ban Nha), Leipzig (Đức), Shakhtar Donetsk (Ukraine), Celtic (Scotland)</p>\n\n<p>Bảng G: Man City (Anh), Sevilla (TBN), Dortmund (Đức), FC Copenhagen (Đan Mạch)</p>\n\n<p>Bảng H: Paris Saint-Germain (Ph&aacute;p), Juventus (Italia), Benfica (BĐN), Maccabi Haifa (Israel)</p>\n\n<p><strong>Lịch thi đấu dự kiến của v&ograve;ng bảng Champions League</strong></p>\n\n<p>Trận 1: 6-7 th&aacute;ng 9</p>\n\n<p>Trận 2: 13-14 th&aacute;ng 9</p>\n\n<p>Trận 3: 4-5 th&aacute;ng 10</p>\n\n<p>Trận 4: 11-12 th&aacute;ng 10</p>\n\n<p>Trận 5: 25-26 th&aacute;ng 10</p>\n\n<p>Trận 6: 1-2 th&aacute;ng 11</p>\n\n<p><em><strong>Bốc thăm chia cặp v&ograve;ng 1/8 : 7 th&aacute;ng 11</strong></em></p>\n\n<p><strong>Karim Benzema l&agrave; Cầu thủ Nam xuất sắc nhất</strong></p>\n\n<p>Karim Benzema l&agrave; người h&ugrave;ng của Real Madrid trong h&agrave;nh tr&igrave;nh v&ocirc; địch Champions League lẫn danh hiệu La Liga v&agrave; anh đ&atilde; được tưởng thưởng xứng đ&aacute;ng bằng danh hiệu Cầu thủ Nam xuất sắc nhất m&ugrave;a giải. Tr&ecirc;n cương vị đội ph&oacute;, Benzema ghi 27 b&agrave;n trong 32 trận cho Real tại La Liga v&agrave; lập c&ocirc;ng 15 lần trong 12 trận tại Champions League để gi&uacute;p Real đoạt c&uacute; đ&uacute;p danh hiệu.&nbsp;</p>\n\n<p><em>Benzema b&ecirc;n giải thưởng Nam cầu thủ xuất sắc nhất</em></p>\n\n<p><strong>Alexia Putellas đăng quang Nữ cầu thủ xuất sắc nhất năm thứ hai li&ecirc;n tiếp</strong></p>\n\n<p>Tiền vệ xuất ch&uacute;ng Alexia Putellas của Barcelona đ&atilde; năm thứ 2 li&ecirc;n tiếp được trao giải Nữ cầu thủ xuất nhắc của UEFA. C&ocirc; ghi 18 b&agrave;n thắng v&agrave; 15 kiến tạo để Barcelona to&agrave;n thắng cả m&ugrave;a giải La Liga 2021/22. Ngo&agrave;i ra c&ocirc; l&agrave; đồng vua ph&aacute; lưới của C&uacute;p Nữ ho&agrave;ng khi đưa Barcelona đến chức v&ocirc; địch, v&agrave; l&agrave; Vua ph&aacute; lưới của UEFA Champions League nữ với 11 b&agrave;n thắng khi đưa Barca đến ng&ocirc;i &Aacute; qu&acirc;n, đồng thời được bầu chọn l&agrave; nữ cầu thủ hay nhất giải đấu.</p>\n\n<p><em>Alexia Putellas năm thứ 2 được UEFA trao giải</em></p>\n\n<p><strong>Carlo Ancelotti &amp;&nbsp;Sarina Wiegman nhận giải HLV xuất sắc nhất</strong></p>\n\n<p><em>Lễ trao giải nam HLV xuất sắc nhất cho Carlo Ancelotti</em></p>\n\n<p>Học tr&ograve; cũ của Sacchi, HLV Carlo Ancelotti đ&atilde; được vinh danh giải nam HLV xuất sắc nhất. &Ocirc;ng đưa Real Madrid tới chức v&ocirc; địch La Liga v&agrave; c&ugrave;ng CLB đăng quang Champions League trong một h&agrave;nh tr&igrave;nh v&ocirc; địch c&oacute; thể n&oacute;i l&agrave; đ&aacute;ng nhớ nhất trong lịch sử giải đấu.</p>\n\n<p><em>HLV Carlo Ancelotti nhận giải Nam HLV xuất sắc nhất</em></p>\n\n<p>Nữ HLV Sarina Wiegman nhận giải nữ HLV xuất sắc nhất sau khi b&agrave; đưa ĐT Anh đến với danh hiệu EURO 2022, chức v&ocirc; địch đầu ti&ecirc;n trong lịch sử&nbsp;<a href=\"https://www.24h.com.vn/bong-da-c48.html\">b&oacute;ng đ&aacute;</a>&nbsp;nữ Anh Quốc.</p>\n\n<p><strong>Arrigo Sacchi nhận giải thưởng đặc biệt của UEFA</strong></p>\n\n<p>Buổi lễ bốc thăm được mở đầu bởi lễ trao giải thưởng đặc biệt của UEFA từ chủ tịch Aleksander Ceferin cho HLV Arrigo Sacchi. Nh&agrave; cầm qu&acirc;n người Italia l&agrave; người &aacute;p dụng th&agrave;nh c&ocirc;ng nhất triết l&yacute; b&oacute;ng đ&aacute; Tổng lực với b&oacute;ng đ&aacute; Italia, đưa AC Milan tới 2 chức v&ocirc; địch C&uacute;p C1 li&ecirc;n tiếp (1989 &amp; 1990)&nbsp;v&agrave; đưa Italia tới ng&ocirc;i &Aacute; qu&acirc;n World Cup 1994.</p>\n\n<p><em>HLV Arrigo Sacchi</em></p>\n', 'Null', '2022-08-26 00:00:00', '2022-08-26 00:00:00', 1611850, 1, 31),
(34, 'Bảng lương Bayern Munich mùa giải 2022 - 2023', 'bang-luong-bayern-munich-mua-giai-2022-2023', '<h2>Danh s&aacute;ch chi tiết mức lương của c&aacute;c cầu thủ Bayern Munich ở m&ugrave;a giải 2022/23</h2>\r\n\r\n<p>Tổng lương của Bayern Munich cho M&ugrave;a giải 2022-2023 l&agrave; &euro; 263,980,000, hoặc &euro; 5,076,538 mỗi tuần.</p>\r\n\r\n<p>Cầu thủ được trả lương cao nhất tại FC Bayern Munich l&agrave; Sadio Man&eacute; với mức lương h&agrave;ng năm l&agrave; 22.000.000 &euro; hoặc 423.077 &euro; mỗi tuần. Sadio Man&eacute;, năm nay 30 tuổi, c&ograve;n 3 năm v&agrave; tổng cộng 66.000.000 &euro; cho Bayern Munich.</p>\r\n\r\n<p><img alt=\"Bảng lương cầu thủ Bayern Munich mùa giải 2022/23\" src=\"https://media.bongdasky.com/thumb_w/editors/2022/09/27/bang-luong-cau-thu-bayern-munich-mua-giai-2022-23-1_680.jpg\" style=\"width:100%\" /></p>\r\n\r\n<p><img alt=\"Bảng lương cầu thủ Bayern Munich mùa giải 2022/23\" src=\"https://media.bongdasky.com/thumb_w/editors/2022/09/27/bang-luong-cau-thu-bayern-munich-mua-giai-2022-23-2_680.jpg\" style=\"width:100%\" /></p>\r\n\r\n<table border=\"1\">\r\n	<tbody>\r\n		<tr>\r\n			<td colspan=\"6\"><strong>BẢNG LƯƠNG CẦU THỦ Bayern Munich M&Ugrave;A GIẢI 2022/23</strong></td>\r\n		</tr>\r\n		<tr>\r\n			<td><strong>Thứ hạng</strong></td>\r\n			<td><strong>T&ecirc;n cầu thủ</strong></td>\r\n			<td><strong>Tuổi</strong></td>\r\n			<td><strong>Vị tr&iacute;</strong></td>\r\n			<td><strong>Lương hằng tuần (Euro)</strong></td>\r\n			<td><strong>Lương hằng năm (Euro)</strong></td>\r\n		</tr>\r\n		<tr>\r\n			<td>1</td>\r\n			<td>Sadio Man&eacute;</td>\r\n			<td>30</td>\r\n			<td>Tiền đạo</td>\r\n			<td>423,077</td>\r\n			<td>22,000,000</td>\r\n		</tr>\r\n		<tr>\r\n			<td>2</td>\r\n			<td>Manuel Neuer</td>\r\n			<td>36</td>\r\n			<td>Thủ m&ocirc;n</td>\r\n			<td>403,846</td>\r\n			<td>21,000,000</td>\r\n		</tr>\r\n		<tr>\r\n			<td>3</td>\r\n			<td>Thomas M&uuml;ller</td>\r\n			<td>32</td>\r\n			<td>TIền đạo</td>\r\n			<td>394,231</td>\r\n			<td>20,500,000</td>\r\n		</tr>\r\n		<tr>\r\n			<td>4</td>\r\n			<td>Leroy San&eacute;</td>\r\n			<td>26</td>\r\n			<td>Tiền đạo</td>\r\n			<td>384,615</td>\r\n			<td>20,000,000</td>\r\n		</tr>\r\n		<tr>\r\n			<td>5</td>\r\n			<td>Joshua Kimmich</td>\r\n			<td>27</td>\r\n			<td>TIền vệ</td>\r\n			<td>375,000</td>\r\n			<td>19,500,000</td>\r\n		</tr>\r\n		<tr>\r\n			<td>6</td>\r\n			<td>Serge Gnabry</td>\r\n			<td>27</td>\r\n			<td>Tiền đạo</td>\r\n			<td>362,885</td>\r\n			<td>18,870,000</td>\r\n		</tr>\r\n		<tr>\r\n			<td>7</td>\r\n			<td>Lucas Hern&aacute;ndez</td>\r\n			<td>26</td>\r\n			<td>Hậu vệ</td>\r\n			<td>346,154</td>\r\n			<td>18,000,000</td>\r\n		</tr>\r\n		<tr>\r\n			<td>8</td>\r\n			<td>Leon Goretzka</td>\r\n			<td>27</td>\r\n			<td>TIền vệ</td>\r\n			<td>346,154</td>\r\n			<td>18,000,000</td>\r\n		</tr>\r\n		<tr>\r\n			<td>9</td>\r\n			<td>Kingsley Coman</td>\r\n			<td>26</td>\r\n			<td>Tiền vệ</td>\r\n			<td>326,923</td>\r\n			<td>17,000,000</td>\r\n		</tr>\r\n		<tr>\r\n			<td>10</td>\r\n			<td>Matthijs de Ligt</td>\r\n			<td>23</td>\r\n			<td>Hậu vệ</td>\r\n			<td>307,692</td>\r\n			<td>16,000,000</td>\r\n		</tr>\r\n		<tr>\r\n			<td>11</td>\r\n			<td>Marcel Sabitzer</td>\r\n			<td>28</td>\r\n			<td>TIền đạo</td>\r\n			<td>240,385</td>\r\n			<td>12,500,000</td>\r\n		</tr>\r\n		<tr>\r\n			<td>12</td>\r\n			<td>Alphonso Davies</td>\r\n			<td>21</td>\r\n			<td>Hậu vệ</td>\r\n			<td>216,346</td>\r\n			<td>11,250,000</td>\r\n		</tr>\r\n		<tr>\r\n			<td>13</td>\r\n			<td>Dayot Upamecano</td>\r\n			<td>23</td>\r\n			<td>Hậu vệ</td>\r\n			<td>192,308</td>\r\n			<td>10,000,000</td>\r\n		</tr>\r\n		<tr>\r\n			<td>14</td>\r\n			<td>Ryan Gravenberch</td>\r\n			<td>20</td>\r\n			<td>TIền vệ</td>\r\n			<td>176,923</td>\r\n			<td>9,200,000</td>\r\n		</tr>\r\n		<tr>\r\n			<td>15</td>\r\n			<td>Noussair Mazraoui</td>\r\n			<td>24</td>\r\n			<td>Hậu vệ</td>\r\n			<td>153,846</td>\r\n			<td>8,000,000</td>\r\n		</tr>\r\n		<tr>\r\n			<td>16</td>\r\n			<td>Jamal Musiala</td>\r\n			<td>19</td>\r\n			<td>Tiền đạo</td>\r\n			<td>96,154</td>\r\n			<td>5,000,000</td>\r\n		</tr>\r\n		<tr>\r\n			<td>17</td>\r\n			<td>Benjamin Pavard</td>\r\n			<td>26</td>\r\n			<td>Hậu vệ</td>\r\n			<td>96,154</td>\r\n			<td>5,000,000</td>\r\n		</tr>\r\n		<tr>\r\n			<td>18</td>\r\n			<td>Mathys Tel</td>\r\n			<td>17</td>\r\n			<td>Tiền đạo</td>\r\n			<td>76,923</td>\r\n			<td>4,000,000</td>\r\n		</tr>\r\n		<tr>\r\n			<td>19</td>\r\n			<td>Eric Maxim Choupo-Moting</td>\r\n			<td>33</td>\r\n			<td>TIền đạo</td>\r\n			<td>67,308</td>\r\n			<td>3,500,000</td>\r\n		</tr>\r\n		<tr>\r\n			<td>20</td>\r\n			<td>Sven Ulreich</td>\r\n			<td>34</td>\r\n			<td>Thủ m&ocirc;n</td>\r\n			<td>48,077</td>\r\n			<td>2,500,000</td>\r\n		</tr>\r\n		<tr>\r\n			<td>21</td>\r\n			<td>Bouna Sarr</td>\r\n			<td>30</td>\r\n			<td>Hậu vệ</td>\r\n			<td>36,538</td>\r\n			<td>1,900,000</td>\r\n		</tr>\r\n		<tr>\r\n			<td>22</td>\r\n			<td>Josip Stanisic</td>\r\n			<td>22</td>\r\n			<td>Hậu vệ</td>\r\n			<td>3,846</td>\r\n			<td>200,000</td>\r\n		</tr>\r\n		<tr>\r\n			<td>23</td>\r\n			<td>Paul Wanner</td>\r\n			<td>16</td>\r\n			<td>Tiền vệ</td>\r\n			<td>1,154</td>\r\n			<td>60,000</td>\r\n		</tr>\r\n		<tr>\r\n			<td>24</td>\r\n			<td>Johannes Schenk</td>\r\n			<td>19</td>\r\n			<td>Thủ m&ocirc;n</td>\r\n			<td>0</td>\r\n			<td>0</td>\r\n		</tr>\r\n	</tbody>\r\n</table>\r\n\r\n<p>Bảng lương trước thuế</p>\r\n', 'Null', '2022-10-01 00:00:00', '2022-10-01 00:00:00', 1611845, 1, 8),
(35, 'Chuyển nhượng 6/1: Cựu sao MU gia nhập Bayern, Chelsea ký hợp đồng \"siêu dị\"', 'chuyen-nhuong-6-1-cuu-sao-mu-gia-nhap-bayern-chelsea-ky-hop-dong-sieu-di-', '<p>Bản tin chuyển nhượng ng&agrave;y 6/1, Daley Blind ch&iacute;nh thức gia nhập Bayern, Chelsea k&yacute; hợp đồng c&oacute; thời hạn &quot;si&ecirc;u dị&quot; với Benoit Badiashile.</p>\r\n\r\n<p><img alt=\"chuyen nhuong 6 1 cuu sao mu gia nhap bayern, chelsea ky hop dong sieu di hinh anh 1\" src=\"https://media.vov.vn/sites/default/files/styles/large/public/2023-01/chelsea.jpg\" style=\"width:100%\" /></p>\r\n\r\n<p>Chelsea ra mắt t&acirc;n binh Benoit Badiashile. (Ảnh: Getty)</p>\r\n\r\n<p><strong>Chelsea k&yacute; hợp đồng &ldquo;si&ecirc;u dị&rdquo; với Benoit Badiashile:&nbsp;</strong>Trung vệ 21 tuổi người Ph&aacute;p ch&iacute;nh thức cập bến Chelsea từ AS Monaco với gi&aacute; 38 triệu Euro. Đặc biệt, thời hạn của bản hợp đồng n&agrave;y l&ecirc;n tới 7,5 năm trong khi c&aacute;c giao k&egrave;o ở l&agrave;ng b&oacute;ng đ&aacute; thường chỉ c&oacute; thời hạn 5 năm trở&nbsp;lại. Như vậy, Benoit Badiashile sẽ gắn b&oacute; với Chelsea tới tận m&ugrave;a h&egrave; năm 2029.</p>\r\n\r\n<p><strong>MU c&oacute; t&acirc;n binh đầu ti&ecirc;n ở phi&ecirc;n chợ đ&ocirc;ng:&nbsp;</strong>HLV Erik Ten Hag x&aacute;c nhận rằng thủ m&ocirc;n Jack Butland sẽ kho&aacute;c &aacute;o Quỷ đỏ theo bản hợp đồng cho mượn tới hết m&ugrave;a giải từ Crystal Palace. Đ&acirc;y l&agrave; phương &aacute;n thay thế của MU ở vị tr&iacute; thủ m&ocirc;n dự bị, sau khi Martin Dubravka được gọi trở lại Newcastle.</p>\r\n\r\n<p><strong>Benfica &ldquo;h&eacute;t gi&aacute;&rdquo; Enzo Fernandez:&nbsp;</strong>Đội b&oacute;ng Bồ Đ&agrave;o Nha muốn nhận được 120 triệu Euro nếu để Cầu thủ trẻ xuất sắc nhất World Cup 2022 ra đi. Hiện tại, Enzo Fernandez đang l&agrave; c&aacute;i t&ecirc;n đ&igrave;nh đ&aacute;m tr&ecirc;n thị trường chuyển nhượng m&ugrave;a đ&ocirc;ng sau khi gi&uacute;p ĐT Argentina v&ocirc; địch thế giới.</p>\r\n\r\n<p><img alt=\"chuyen nhuong 6 1 cuu sao mu gia nhap bayern, chelsea ky hop dong sieu di hinh anh 2\" src=\"https://media.vov.vn/sites/default/files/styles/large/public/2023-01/chuyen-nhuong_2.jpg\" style=\"width:100%\" /></p>\r\n\r\n<p>Daley Blind ch&iacute;nh thức gia nhập Bayern Munich. (Ảnh: Getty)</p>\r\n\r\n<p><strong>Cựu sao MU gia nhập Bayern Munich:&nbsp;</strong>Daley Blind ch&iacute;nh thức cập bến Bayern Munich theo dạng chuyển nhượng tự do v&agrave; bản hợp đồng k&eacute;o d&agrave;i 6 th&aacute;ng. Trước đ&oacute;, hậu vệ 32 tuổi đ&atilde; bất ngờ chấm dứt hợp đồng với Ajax sau khi c&ugrave;ng ĐT H&agrave; Lan tham dự World Cup 2022. Tại s&acirc;n Allianz Arena, cựu sao MU sẽ l&agrave;m nhiệm vụ &ldquo;đ&oacute;ng thế&rdquo; cho Lucas Hernandez đang d&iacute;nh chấn thương nặng.</p>\r\n\r\n<p><strong>Sergio Ramos c&acirc;n nhắc t&aacute;i hợp với đội b&oacute;ng cũ:&nbsp;</strong>Trung vệ 36 tuổi sẽ hết hạn hợp đồng với PSG v&agrave;o cuối m&ugrave;a giải n&agrave;y. Nhiều khả năng, Sergio Ramos sẽ trở về qu&ecirc; nh&agrave; kho&aacute;c &aacute;o Sevilla theo dạng chuyển nhượng tự do v&agrave;o m&ugrave;a h&egrave;.</p>\r\n\r\n<p><strong>Barca t&igrave;m người thay thế Sergio Busquets:&nbsp;</strong>&ldquo;L&atilde;o tướng&rdquo; người T&acirc;y Ban Nha c&oacute; thể sẽ chia tay s&acirc;n Nou Camp khi hết hạn hợp đồng v&agrave;o m&ugrave;a h&egrave; n&agrave;y. Chủ tịch Joan Laporta x&aacute;c nhận, Barca đang để &yacute; tới Ruben Neves của Wolves như phương &aacute;n thay thế l&yacute; tưởng./.</p>\r\n', 'Null', '2023-01-06 00:00:00', '2023-01-06 00:00:00', 14, 1, 13),
(37, 'ĐÁNG BÁO ĐỘNG: Vị trí thủ môn và tình hình chuyển nhượng 12/01/2022', 'dang-bao-dong-vi-tri-thu-mon-va-tinh-hinh-chuyen-nhuong-12-01-2022', '<p><strong>Vấn đề lớn của Bayern khi t&igrave;m kiếm một thủ m&ocirc;n</strong>, m&agrave; cho đến nay vẫn chưa một nh&agrave; cầm qu&acirc;n n&agrave;o d&aacute;m c&ocirc;ng khai giải quyết: Kh&ocirc;ng ai c&oacute; thể thực sự n&oacute;i khi n&agrave;o v&agrave; trong t&igrave;nh trạng n&agrave;o Neuer sẽ trở lại. Nghi ngờ liệu anh ấy c&oacute; thể tốt như trước đ&acirc;y kh&ocirc;ng. Thời điểm trở lại được c&ocirc;ng bố v&agrave;o m&ugrave;a h&egrave; cũng l&agrave; một c&acirc;u hỏi. Đặc biệt l&agrave; v&igrave; chấn thương c&oacute; thể tồi tệ hơn v&agrave; k&eacute;o d&agrave;i hơn so với th&ocirc;ng tin ban đầu. Ch&iacute;nh thức, &quot;g&atilde;y xương cẳng ch&acirc;n b&ecirc;n phải&quot; đ&atilde; được c&ocirc;ng bố.</p>\r\n\r\n<p><strong>V&igrave; vậy</strong>, Bayern phải tự đặt ra c&acirc;u hỏi: <strong>Liệu một sự thay thế c&oacute; đủ v&agrave;o cuối m&ugrave;a giải? Hay bạn cần một thủ m&ocirc;n c&oacute; thể thay thế Neuer ở đẳng cấp cao nhất trong d&agrave;i hạn?</strong></p>\r\n\r\n<p>C&acirc;u lạc bộ đ&atilde; rất h&agrave;o ph&oacute;ng với cựu binh của m&igrave;nh, người sẽ 37 tuổi v&agrave;o th&aacute;ng 3, khi gia hạn hợp đồng đến năm 2024 v&igrave; những c&ocirc;ng lao của anh ấy. Với chuyến du lịch trượt tuyết của m&igrave;nh, <strong>Neuer </strong>đ&atilde; g&acirc;y bất lợi cho c&acirc;u lạc bộ. Kh&ocirc;ng chỉ Bayern <strong>Neuer</strong> phải tiếp tục trả mức lương được cho l&agrave; hơn 20 triệu euro mỗi năm, người thay thế anh giờ đ&acirc;y c&ograve;n phải trả một khoản ph&iacute; chuyển nhượng b&ecirc;n cạnh c&aacute;c chi ph&iacute; lương bổ sung.</p>\r\n\r\n<p><img alt=\"Neuer dính chấn thương nghiêm trọng, có thể nghỉ 1 năm rưỡi\" src=\"https://cdn.images.express.co.uk/img/dynamic/67/590x/Manuel-Neuer-injury-skiing-accident-Bayern-Munich-news-1707836.jpg\" style=\"width:100%\" /></p>\r\n\r\n<blockquote>\r\n<p>Neuer d&iacute;nh chấn thương nghi&ecirc;m trọng c&oacute; thể phải nghỉ 1 năm đến 18 th&aacute;ng</p>\r\n</blockquote>\r\n\r\n<p>Với sự cam kết của hậu vệ tr&aacute;i tự do <strong>Daley Blind</strong> (32/Ajax trước) sau chấn thương của<strong> Lucas Hern&aacute;ndez</strong> (26/đứt d&acirc;y chằng ch&eacute;o trước),<strong> Salihamidzic</strong> đ&atilde; kh&ocirc;ng phải trả th&ecirc;m bất kỳ khoản tiền chuyển nhượng n&agrave;o.</p>\r\n\r\n<p>Kế hoạch ban đầu của Bayern l&agrave;: C&acirc;u lạc bộ muốn x&acirc;y dựng lực lượng dự bị v&agrave; sử dụng thu nhập từ Champions League để sử dụng n&oacute; đặc biệt cho việc tiếp viện trong thị trường chuyển nhượng m&ugrave;a h&egrave;.</p>\r\n\r\n<p>Theo th&ocirc;ng tin từ SPORT BILD, nh&agrave; v&ocirc; địch kỷ lục đang t&igrave;m kiếm một trung vệ. Cũng để chuẩn bị cho khả năng ra đi của <strong>Benjamin Pavard</strong> (26/hợp đồng đến năm 2024), người t&aacute;n tỉnh FC Barcelona. Mặt kh&aacute;c, lời cam kết của t&agrave;i năng <strong>Malo Gusto</strong> (19 tuổi/hợp đồng đến năm 2024) cho c&aacute;nh của Olympique Lyon đ&atilde; bị từ chối. Vụ chuyển nhượng trong khoảng 20 đến 30 triệu euro n&agrave;y l&agrave; qu&aacute; đắt với Bayern. Đặc biệt l&agrave; sau chấn thương của <strong>Neuer.</strong></p>\r\n\r\n<p>Cam kết của tiền đạo <strong>Harry Kane</strong> (29 tuổi/hợp đồng đến năm 2024) của Tottenham v&igrave; thế cũng bỏ ngỏ. Hậu vệ <strong>Axel Disasi </strong>của Monaco (24/hợp đồng đến năm 2025) cũng kh&ocirc;ng phải l&agrave; vấn đề nhỏ như tiền đạo <strong>Roberto Firmino </strong>của Liverpool (31 tuổi/hợp đồng đến m&ugrave;a h&egrave;), người gần đ&acirc;y đ&atilde; c&oacute; những tin đồn li&ecirc;n quan đến Bayern.</p>\r\n\r\n<p>Hiện tại, Bayern đang tập trung ho&agrave;n tất thương vụ chuyển nhượng tự do tiền vệ <strong>Konrad Laimer,</strong> 25 tuổi của Leipzig. Ngo&agrave;i ra c&ograve;n c&oacute; một thỏa thuận về việc gia hạn hợp đồng của <strong>Lucas Hern&aacute;ndez </strong>(hợp đồng đến năm 2024).</p>\r\n\r\n<p><strong>Tuy nhi&ecirc;n, giải quyết vấn đề lớn Neuer tiếp tục được ưu ti&ecirc;n.</strong></p>\r\n', 'Null', '2023-01-12 00:00:00', '2023-01-12 00:00:00', 14, 1, 15),
(38, 'Bayern chiêu mộ thành công khắc tinh của mình', 'bayern-chieu-mo-thanh-cong-khac-tinh-cua-minh', '<p><strong>Bayern Munich đ&atilde; đạt thỏa thuận chi&ecirc;u mộ thủ th&agrave;nh Yann Sommer M&#39;Gladbach sau thời gian đ&agrave;m ph&aacute;n kh&aacute; nhanh gọn v&agrave; dứt kho&aacute;t.</strong><br />\r\n&nbsp;</p>\r\n\r\n<p><a href=\"https://cauthu.com.vn/attachments/sommer-bayern-jpg.52294/\" target=\"_blank\"><img alt=\"Sommer-Bayern.jpg\" src=\"https://cauthu.sgp1.digitaloceanspaces.com/data/attachments/52/52709-0bc337595a135ff6f85e5346ec274059.jpg\" style=\"width:100%\" /></a>​</p>\r\n\r\n<p><br />\r\nBayern Munich chưa ch&iacute;nh thức c&ocirc;ng bố thương vụ n&agrave;y nhưng về cơ bản, H&ugrave;m x&aacute;m đ&atilde; đạt thỏa thuận với Gladbach. Ph&iacute;a Bayern sẽ chi 8 triệu euro, k&egrave;m 1,5 triệu euro biến phi để sở hữu chữ k&yacute; của thủ th&agrave;nh người Thụy Sỹ.<br />\r\n<br />\r\nYann Sommer sẽ k&iacute; hợp đồng tới h&egrave; 2025 với s&acirc;n Allianz Arena. Nếu kh&ocirc;ng c&oacute; g&igrave; thay đổi, trong &iacute;t giờ tới, thủ th&agrave;nh 34 tuổi n&agrave;y sẽ tới Munich l&agrave;m thủ tục kiểm tra y tế.<br />\r\n<br />\r\nBayern Munich buộc phải chi&ecirc;u mộ thủ m&ocirc;n mới bởi sau VCK World Cup 2022, Manuel Neuer đ&atilde; d&iacute;nh chấn thương nặng, phải nghỉ thi đấu tới hết m&ugrave;a. Do đ&atilde; cho Monaco mượn thủ th&agrave;nh Alexander Nubel n&ecirc;n &quot;H&ugrave;m x&aacute;m&quot; chỉ c&ograve;n lại 1 lựa chọn ở khung gỗ l&agrave; Sven Ulreich. Ngo&agrave;i ra, Sommer c&oacute; thể l&agrave; thủ th&agrave;nh số 1 tại Bayern nếu thể hiện tốt.<br />\r\n<br />\r\nNh&agrave; ĐKVĐ Bundesliga mất kh&aacute; nhiều thời gian để đ&agrave;m ph&aacute;n với Gladbach. Tuy vậy, thương vụ n&agrave;y vẫn diễn ra rất thuận lợi do thủ th&agrave;nh Yann Sommer rất muốn gia nhập Bayern Munich.<br />\r\n<br />\r\nD&ugrave; đ&atilde; ở tuổi 34 nhưng Yann Sommer vẫn thể hiện phong độ tốt.Anh được đ&aacute;nh gi&aacute; l&agrave; 1 trong những thủ th&agrave;nh xuất sắc nhất giải đấu số 1 nước Đức trong nhiều năm trở lại đ&acirc;y.<br />\r\n<br />\r\nĐặc biệt, khi kho&aacute;c &aacute;o ĐT Thụy Sỹ, Sommer lu&ocirc;n thể hiện phong độ rất cao v&agrave; mang tới sự tin tưởng cho c&aacute;c đồng đội ở tuyến tr&ecirc;n. T&iacute;nh tới nay, người g&aacute;c đền 34 tuổi n&agrave;y đ&atilde; c&oacute; 80 trận kho&aacute;c &aacute;o ĐTQG.</p>\r\n', 'Null', '2023-01-19 00:00:00', '2023-01-19 00:00:00', 14, 4, 3),
(39, 'Bayern Munich bày tỏ sự quan tâm đến ngôi sao Chelsea', 'bayern-munich-bay-to-su-quan-tam-den-ngoi-sao-chelsea', '<p>Havertz đ&atilde; tham gia v&agrave;o một số khoảnh khắc đặc biệt trong m&agrave;u &aacute;o Chelsea, bao gồm cả việc ghi b&agrave;n ấn định chiến thắng trước Manchester City trong trận chung kết Champions League.</p>\r\n\r\n<p>Tuy nhi&ecirc;n, hầu hết người h&acirc;m mộ Chelsea sẽ thừa nhận rằng thời gian của anh ấy tại c&acirc;u lạc bộ kh&ocirc;ng ấn tượng như họ mong đợi khi anh ấy k&yacute; hợp đồng từ Bayer Leverkusen. Với việc Chelsea mang về một loạt c&aacute;c phương &aacute;n tấn c&ocirc;ng mới, Havertz c&oacute; thể thấy m&igrave;nh kh&ocirc;ng đủ y&ecirc;u cầu ở tương lai, v&agrave; c&aacute;c c&acirc;u lạc bộ c&oacute; thể t&igrave;m c&aacute;ch tận dụng lợi thế.</p>\r\n\r\n<p><img alt=\"\" src=\"https://icdn.caughtoffside.com/wp-content/uploads/2022/08/havertz-leeds-3-0-chelsea.jpg\" style=\"width:100%\" /></p>\r\n', 'Null', '2023-01-20 00:00:00', '2023-01-20 00:00:00', 14, 1, 1),
(40, 'Nhận định Bayern Munich vs Frankfurt, 00h30 ngày 29/1: Bứt phá', 'nhan-dinh-bayern-munich-vs-frankfurt-00h30-ngay-29-1-but-pha', '<p>Nhận định b&oacute;ng đ&aacute; Bayern Munich vs Frankfurt, v&ograve;ng 18 Bundesliga l&uacute;c 00h30 ng&agrave;y 29/1 - th&ocirc;ng tin lực lượng, đội h&igrave;nh dự kiến, phong độ, lịch sử đối đầu. Tiếp đ&oacute;n Frankfurt l&agrave; cơ hội tốt để Bayern Munich bứt ph&aacute; khỏi nh&oacute;m b&aacute;m đuổi trong cuộc đua v&ocirc; địch Bundesliga m&ugrave;a n&agrave;y.</p>\r\n\r\n<p><a href=\"https://photo-cms-tpo.epicdn.me/w1000/Uploaded/2023/neg-olyrlys/2023_01_28/bayern-6548.jpg\"><img alt=\"Nhận định Bayern Munich vs Frankfurt, 00h30 ngày 29/1: Bứt phá ảnh 1\" src=\"https://photo-cms-tpo.epicdn.me/w645/Uploaded/2023/neg-olyrlys/2023_01_28/bayern-6548.jpg\" style=\"width:100%\" /></a></p>\r\n\r\n<p><strong>Nhận định trước trận đấu Bayern Munich vs Frankfurt</strong></p>\r\n\r\n<p>Sau 17 v&ograve;ng đấu, Bundesliga đang tạo th&agrave;nh cục diện cực kỳ hấp dẫn. Bayern Munich vẫn dẫn đầu như thường lệ, nhưng khoảng c&aacute;ch giữa họ v&agrave; c&aacute;c đội ph&iacute;a sau kh&ocirc;ng c&ograve;n qu&aacute; lớn. Kh&ocirc;ng những vậy, kh&ocirc;ng chỉ c&oacute; 1 m&agrave; c&oacute; đến 5 đội sẵn s&agrave;ng cạnh tranh danh hiệu với &ldquo;H&ugrave;m x&aacute;m&rdquo;.</p>\r\n\r\n<p>Hiện tại, Bayern chỉ hơn đội nh&igrave; bảng Leipzig 1 điểm, v&agrave; hơn đội hạng 6 Freiburg 5 điểm. Khoảng c&aacute;ch s&aacute;t sao n&agrave;y khiến thầy tr&ograve; HLV Julian Nagelsmann chịu kh&ocirc;ng &iacute;t &aacute;p lực trong bối cảnh lực lượng sứt mẻ nghi&ecirc;m trọng.</p>\r\n\r\n<p>Mặc d&ugrave; vậy, gặp Frankfurt l&agrave; cơ hội tốt để Bayern bứt tốc v&agrave; t&aacute;ch khỏi một phần của nh&oacute;m b&aacute;m đuổi. Ở trận lượt đi, Bayern đ&atilde; v&ugrave;i dập Frankfurt 6-1 ngay tại s&acirc;n Deutsche Bank Park nhờ c&aacute;c b&agrave;n thắng của Jamal Musiala (c&uacute; đ&uacute;p), Joshua Kimmich, Benjamin Pavard, Sadio Man&eacute; v&agrave; Serge Gnabry.</p>\r\n\r\n<p>Hơn nữa, Bayern c&oacute; thể ch&agrave;o đ&oacute;n nhiều trụ cột t&aacute;i xuất, bao gồm chủ c&ocirc;ng Sadio Mane. Sau khi Bundesliga trở lại, Bayern đ&atilde; h&ograve;a 2 trận li&ecirc;n tiếp với tỷ số 1-1 v&igrave; h&agrave;ng c&ocirc;ng c&ugrave;n m&ograve;n. Tuy nhi&ecirc;n, sự xuất hiện của Mane - d&ugrave; chỉ tr&ecirc;n ghế dự bị cũng hứa hẹn sẽ l&agrave; động lực gi&uacute;p họ t&igrave;m lại phong độ &ldquo;hủy diệt&rdquo; hồi đầu m&ugrave;a.</p>\r\n\r\n<p><strong>Phong độ, lịch sử đối đầu Bayern Munich vs Frankfurt</strong></p>\r\n\r\n<p>Bayern đang c&oacute; phong độ ổn định ở Bundesliga. Sau cuộc khủng hoảng nghi&ecirc;m trọng hồi th&aacute;ng 9 năm ngo&aacute;i (4 trận li&ecirc;n tiếp kh&ocirc;ng thắng), &ldquo;H&ugrave;m x&aacute;m&rdquo; hồi phục mạnh mẽ v&agrave; bất bại 10 trận gần nhất (thắng 7, h&ograve;a 3). T&iacute;nh ri&ecirc;ng tr&ecirc;n s&acirc;n nh&agrave; Allianz Arena, Bayern chưa thua tại Bundesliga từ th&aacute;ng 1/2022.</p>\r\n\r\n<p>V&igrave; vậy, rất kh&oacute; cho Frankfurt tạo ra bất ngờ ngay cả khi họ đang chơi tốt. Hiện tại, Frankfurt đang c&oacute; chuỗi 5 trận bất bại li&ecirc;n tiếp tại Bundesliga (thắng 3, h&ograve;a 2). T&iacute;nh ri&ecirc;ng tr&ecirc;n s&acirc;n kh&aacute;ch, họ cũng chỉ thua 1 trong 9 trận gần đ&acirc;y (thắng 4, h&ograve;a 4).</p>\r\n\r\n<p>Đ&aacute;ng ch&uacute; &yacute;, th&agrave;nh t&iacute;ch đối đầu của hai đội kh&aacute; c&acirc;n bằng. Cho d&ugrave; thường xuy&ecirc;n bị đ&aacute;nh gi&aacute; thấp hơn, nhưng Frankfurt đ&atilde; thắng 3/7 trận gần nhất gặp Bayern ở Bundesliga (thua 4 trận c&ograve;n lại).</p>\r\n\r\n<p><strong>Th&ocirc;ng tin lực lượng Bayern Munich vs Frankfurt</strong></p>\r\n\r\n<p>Bayern tiếp tục mất đội trưởng Manuel Neuer v&agrave; Lucas Hernandez v&igrave; chấn thương d&agrave;i hạn. Tuy nhi&ecirc;n Sadio Mane, Noussair Mazraoui v&agrave; Bouna Sarr đều sẵn s&agrave;ng trở lại sau thời gian d&agrave;i nghỉ thi đấu.</p>\r\n\r\n<p>Trong khi đ&oacute;, Frankfurt mất 2 hậu vệ c&aacute;nh Eric Dina Ebimbe v&agrave; Luca Pellegrini v&igrave; chấn thương. C&aacute;c t&agrave;i năng trẻ Marcel Wenig v&agrave; Paxten Aaronson cũng vắng mặt ở trận n&agrave;y. Thủ m&ocirc;n Kevin Trapp nhiều khả năng ngồi ngo&agrave;i v&igrave; bị ốm.</p>\r\n\r\n<p><strong>Đội h&igrave;nh dự kiến 2 đội:</strong></p>\r\n\r\n<p><strong>Bayern:&nbsp;</strong>Sommer (GK); Pavard - Upamecano - De Ligt - Davies; Kimmich (c) - Sabitzer; Gnabry - Musiala - Sane; Choupo-Moting</p>\r\n\r\n<p><strong>Frankfurt</strong>: Ramaj (GK); Tuta - Smolcic - N&#39;Dicka; Knauff - Kamada - Sow - Lenz; Lindstrom - Gotze; Kolo Muani</p>\r\n', 'Null', '2023-01-28 00:00:00', '2023-01-28 00:00:00', 1611845, 1, 21),
(42, 'Tổng kết chuyển nhượng mùa đông 2023: Bom tấn, bất ngờ, kỷ lục', 'tong-ket-chuyen-nhuong-mua-dong-2023-bom-tan-bat-ngo-ky-luc', '<p>DANH S&Aacute;CH CHUYỂN NHƯỢNG M&Ugrave;A Đ&Ocirc;NG 2023</p>\r\n\r\n<p><img alt=\"\" src=\"http://bongda.chaucongtu.site/img/img/ipiccy_image.png\" style=\"width:100%\" /></p>\r\n', 'Null', '2023-02-01 00:00:00', '2023-02-01 00:00:00', 14, 4, 2),
(43, 'Cơ hội nào để PSG ngược dòng trước Bayern Munich ở trận lượt về?', 'co-hoi-nao-de-psg-nguoc-dong-truoc-bayern-munich-o-tran-luot-ve-', '<h2>Thất bại 0-1 trước Bayern Munich ở trận lượt đi v&ograve;ng 16 đội Champions League chưa phải l&agrave; dấu chấm hết cho PSG.</h2>\r\n\r\n<p>&rlm;&quot;Bayern Munich đ&atilde; chơi rất tốt trong 25 ph&uacute;t đầu. T&ocirc;i v&agrave; cầu thủ đều bất ngờ khi được cầm b&oacute;ng nhiều. Thật kh&oacute; tin khi&nbsp;<a href=\"https://thanhnien.vn/mbappe-psg-du-kha-nang-lat-nguoc-tinh-the-truoc-bayern-munich-185230215074237954.htm\" target=\"_blank\">PSG</a>&nbsp;thi đấu bị động như vậy&quot;, HLV Julian Nagelsmann chia sẻ sau chiến thắng 1-0 của Bayern trước&nbsp;<a href=\"https://thanhnien.vn/mbappe-qua-quan-trong-voi-psg-18523021506501611.htm\" target=\"_blank\">PSG</a>&nbsp;ở s&acirc;n Parc des Princes, trong khu&ocirc;n khổ lượt đi v&ograve;ng 16 đội&nbsp;<a href=\"https://thanhnien.vn/champions-league-nhung-con-so-u-am-cua-psg-sau-tran-thua-bayern-munich-185230215063832707.htm\" target=\"_blank\">Champions League</a>. &rlm;</p>\r\n\r\n<p>&rlm;Nhận định của HLV Nagelsmann đ&atilde; g&oacute;i gọn nỗi thất vọng mang t&ecirc;n&nbsp;<a href=\"https://thanhnien.vn/champions-league-nhung-con-so-u-am-cua-psg-sau-tran-thua-bayern-munich-185230215063832707.htm\" target=\"_blank\">PSG</a>&nbsp;ở trận mở m&agrave;n. Đội b&oacute;ng nước Ph&aacute;p kh&ocirc;ng chỉ thua trận, m&agrave; c&ograve;n thua theo c&aacute;ch bạc nhược nhất khi đ&aacute; ph&ograve;ng ngự bị động, để Bayern phong tỏa mọi đường l&ecirc;n b&oacute;ng trong 60 ph&uacute;t đầu v&agrave; dồn &eacute;p nghẹt thở. Đội h&igrave;nh 4-4-2 của chủ nh&agrave;&nbsp;bị chia th&agrave;nh 2 nửa r&otilde; r&agrave;ng ở khoảng thời gian n&agrave;y. Trong khi Neymar v&agrave; Lionel Messi lạc l&otilde;ng tr&ecirc;n h&agrave;ng c&ocirc;ng, 10 cầu thủ c&ograve;n lại l&ugrave;i về rất s&acirc;u ở s&acirc;n nh&agrave;, gần như kh&ocirc;ng đ&oacute;ng g&oacute;p cho kh&acirc;u tấn c&ocirc;ng.</p>\r\n\r\n<p><a href=\"https://images2.thanhnien.vn/528068263637045248/2023/2/15/psg-reuters-1-16764521668351502410383.jpeg\" target=\"_blank\"><img alt=\"Cơ hội nào để PSG ngược dòng trước Bayern Munich ở trận lượt về? - Ảnh 1.\" src=\"https://images2.thanhnien.vn/thumb_w/640/528068263637045248/2023/2/15/psg-reuters-1-16764521668351502410383.jpeg\" style=\"width:100%\" /></a></p>\r\n\r\n<p>PSG gặp bất lợi sau trận lượt đi với Bayern</p>\r\n\r\n<p>REUTERS</p>\r\n\r\n<p>&rlm;HLV Christophe Galtier vẫn bảo vệ quyết định chiến thuật của m&igrave;nh. &Ocirc;ng n&oacute;i: &quot;Cầu thủ chưa hồi phục thể trạng v&agrave; đội h&igrave;nh thiếu chiều s&acirc;u&quot;. Tuy nhi&ecirc;n, một đội b&oacute;ng c&oacute; Sergio Ramos, Nuno Mendes, Marco Verratti, Neymar v&agrave; Messi kh&ocirc;ng thể chơi yếu thế v&agrave; bị động như c&aacute;ch đội b&oacute;ng của HLV Galtier đ&atilde; l&agrave;m. &rlm;</p>\r\n\r\n<p>&rlm;Được đ&aacute; s&acirc;n nh&agrave;, nhưng c&aacute;ch chơi của thầy tr&ograve; &ocirc;ng Galtier&nbsp;tạo ra cảm gi&aacute;c đội b&oacute;ng nước Ph&aacute;p chỉ cần một trận h&ograve;a. Sau hơn một thập kỷ vung tiền với giấc mộng&nbsp;<a href=\"https://thanhnien.vn/psg-tiep-tuc-roi-vao-khung-hoang-sau-tran-thua-tai-champions-league-185230215060550149.htm\" target=\"_blank\">Champions League</a>, t&acirc;m l&yacute; chiếu dưới v&agrave; lối đ&aacute; đầy cam chịu của&nbsp;<a href=\"https://thanhnien.vn/psg-tiep-tuc-roi-vao-khung-hoang-sau-tran-thua-tai-champions-league-185230215060550149.htm\" target=\"_blank\">PSG</a>&nbsp;c&oacute; lẽ l&agrave; &quot;đ&ograve;n đau&quot; với giới chủ Qatar. &rlm;</p>\r\n\r\n<p>&rlm;Tuy nhi&ecirc;n, hy vọng của Neymar c&ugrave;ng đồng đội chưa kh&eacute;p lại. Khoảng thời gian 30 ph&uacute;t cuối trận với sự xuất hiện của Kylian&nbsp;<a href=\"https://thanhnien.vn/mbappe-qua-quan-trong-voi-psg-18523021506501611.htm\" target=\"_blank\">Mbappe</a>&nbsp;l&agrave; gợi &yacute; cho b&agrave;i to&aacute;n &ocirc;ng Galtier c&ugrave;ng học tr&ograve; cần giải ở m&agrave;n t&aacute;i đấu tại Đức. Khi HLV Galtier r&uacute;t Carlos Soler v&agrave; Danilo Pereira khỏi s&acirc;n để thay thế bằng&nbsp;<a href=\"https://thanhnien.vn/mbappe-chinh-thuc-co-ten-trong-danh-sach-psg-dau-bayern-munich-185230213205935279.htm\" target=\"_blank\">Mbappe</a>&nbsp;v&agrave; Vitinha, hiệu quả đ&atilde; đến. Đội b&oacute;ng Ph&aacute;p&nbsp;đ&aacute; với sơ đồ 4-3-1-2, trong đ&oacute; Messi đ&aacute; l&ugrave;i về h&agrave;ng tiền vệ để đ&oacute;ng vai cầu nối triển khai b&oacute;ng.&nbsp;</p>\r\n\r\n<p><a href=\"https://images2.thanhnien.vn/528068263637045248/2023/2/15/psg-afp-4-16764522652311240602105.jpg\" target=\"_blank\"><img alt=\"Cơ hội nào để PSG ngược dòng trước Bayern Munich ở trận lượt về? - Ảnh 2.\" src=\"https://images2.thanhnien.vn/thumb_w/640/528068263637045248/2023/2/15/psg-afp-4-16764522652311240602105.jpg\" style=\"width:100%\" /></a></p>\r\n\r\n<p>Với những hảo thủ như Mbappe hay Neymar, PSG cần chơi chủ động hơn</p>\r\n\r\n<p>AFP</p>\r\n\r\n<p>&rlm;Nếu trong hiệp 1, Messi mờ nhạt khi phải chơi quay lưng với khung th&agrave;nh, th&igrave; si&ecirc;u sao người Argentina đ&atilde; thực sự trở lại khi chơi ở vị tr&iacute; ph&aacute;t động tấn c&ocirc;ng. Những pha di chuyển nhận b&oacute;ng kh&ocirc;n ngoan, linh hoạt gi&uacute;p Messi tho&aacute;t khỏi sự theo k&egrave;m của bộ 3 trung vệ Bayern như trong hiệp 1. &rlm;</p>\r\n\r\n<p>&rlm;Anh tự do phối hợp với c&aacute;c hậu vệ bi&ecirc;n v&agrave; tiền vệ, rồi bất th&igrave;nh l&igrave;nh tung ra đường r&oacute;t b&oacute;ng ra sau lưng hậu vệ như pha bấm b&oacute;ng để&nbsp;<a href=\"https://thanhnien.vn/neymar-messi-mbappe-rac-roi-noi-bo-bua-vay-psg-185230213121758042.htm\" target=\"_blank\">Mbappe</a>&nbsp;dứt điểm tung lưới Bayern trong hiệp 2. D&ugrave; b&agrave;n thắng bị từ chối do lỗi việt vị, nhưng r&otilde; r&agrave;ng Messi v&agrave;&nbsp;<a href=\"https://thanhnien.vn/mbappe-psg-du-kha-nang-lat-nguoc-tinh-the-truoc-bayern-munich-185230215074237954.htm\" target=\"_blank\">Mbappe</a>&nbsp;đ&atilde; tạo n&ecirc;n miếng đ&aacute;nh khiến Bayern thực sự hoảng loạn. &rlm;</p>\r\n\r\n<p>&rlm;Với sơ đồ 3 trung vệ, gồm những cầu thủ giỏi tranh chấp tay đ&ocirc;i, Bayern đ&atilde; cắt được thế trận phản c&ocirc;ng chỉ gồm 2 tiền đạo của PSG trong hiệp 1. Tuy nhi&ecirc;n, khi qu&acirc;n số tấn c&ocirc;ng của chủ nh&agrave; được tăng l&ecirc;n 3, thậm ch&iacute; l&agrave; 4 với Mbappe v&agrave; Mendes tham chiến, h&agrave;ng thủ Bayern đ&atilde; li&ecirc;n tục để lộ khoảng hở. &rlm;</p>\r\n\r\n<p>&rlm;Mbappe v&agrave; Mendes đều l&agrave; mẫu cầu thủ gi&agrave;u tốc độ v&agrave; c&agrave;n lướt, giỏi di chuyển luồn lưng hậu vệ đối thủ. Thứ đại diện nước Ph&aacute;p thiếu trong suốt nửa đầu trận đấu nằm ở t&acirc;m thế chấp nhận rủi ro để tấn c&ocirc;ng nhiều hơn, v&agrave; một cầu thủ c&oacute; nh&atilde;n quan si&ecirc;u việt, c&oacute; những đường chuyền &quot;cắt tiết&quot; đối thủ như Messi m&agrave; th&ocirc;i.&nbsp;</p>\r\n\r\n<p><a href=\"https://images2.thanhnien.vn/528068263637045248/2023/2/15/mbappe-16764523528111618110383.png\" target=\"_blank\"><img alt=\"Cơ hội nào để PSG ngược dòng trước Bayern Munich ở trận lượt về? - Ảnh 3.\" src=\"https://images2.thanhnien.vn/thumb_w/640/528068263637045248/2023/2/15/mbappe-16764523528111618110383.png\" style=\"width:100%\" /></a></p>\r\n\r\n<p>C&ograve;n Mbappe, PSG c&ograve;n hy vọng</p>\r\n\r\n<p>AFP</p>\r\n\r\n<p>&rlm;Những pha r&oacute;t b&oacute;ng sở trường của Messi l&agrave; b&agrave;i tấn c&ocirc;ng PSG cần nhiều hơn ở trận lượt về. Bởi để đ&aacute;nh bại đội b&oacute;ng c&oacute; hệ thống chiến thuật khoa học như Bayern, PSG phải c&oacute; những pha xử l&yacute; vượt khu&ocirc;n khổ của Messi hay Mbappe.&nbsp;</p>\r\n\r\n<p>D&ugrave; đang gặp kh&oacute; lực lượng, nhưng PSG vẫn c&oacute; đủ nh&acirc;n tố tạo kh&aacute;c biệt. Vấn đề của đội b&oacute;ng Ph&aacute;p trước ti&ecirc;n nằm ở sự dũng cảm. Nếu kh&ocirc;ng thể chơi thứ b&oacute;ng đ&aacute; chủ động, PSG sẽ gặp kh&oacute; trước bất cứ đội b&oacute;ng c&oacute; thực lực n&agrave;o, kh&ocirc;ng ri&ecirc;ng Bayern.&rlm;</p>\r\n\r\n<p>&rlm;&quot;&rlm;&rlm;Điều quan trọng l&agrave; c&aacute;c cầu thủ PSG phải nghỉ ngơi thật tốt v&agrave; c&oacute; thể trạng khỏe mạnh cho trận lượt về. Khi ch&uacute;ng t&ocirc;i gắn kết v&agrave; chơi tấn c&ocirc;ng, Bayern đ&atilde; gặp rất nhiều kh&oacute; khăn&quot;, Mbappe chia sẻ sau trận. Quan trọng l&agrave; đại diện Ligue 1 c&oacute; thực sự d&aacute;m chơi tấn c&ocirc;ng v&agrave; chấp nhận rủi ro ở trận lượt về. Đ&aacute; ở Allianz Arena sẽ rất kh&aacute;c đ&aacute; ở Parc des Princes. &rlm;</p>\r\n\r\n<p>&rlm;Tuy nhi&ecirc;n, Bayern cũng c&oacute; điểm yếu v&agrave; thực tế PSG đ&atilde; khai th&aacute;c được ở 15 ph&uacute;t cuối trận. Đội b&oacute;ng Ph&aacute;p phải đủ l&igrave; lợm v&agrave; tự tin để khai th&aacute;c điểm yếu ấy. Một t&acirc;m thế thi đấu mới sẽ mang đến hy vọng lật ngược thế cờ cho đội chủ s&acirc;n Parc des Princes ở trận lượt về.&nbsp;</p>\r\n', 'Null', '2023-02-16 00:00:00', '2023-02-16 00:00:00', 1611850, 4, 2);

-- --------------------------------------------------------

--
-- Cấu trúc bảng cho bảng `cqn_category`
--

CREATE TABLE `cqn_category` (
  `category_id` int(11) NOT NULL,
  `tenchuyenmuc` varchar(50) NOT NULL,
  `slug_cm` varchar(50) NOT NULL,
  `hide` int(1) DEFAULT NULL
) ENGINE=InnoDB DEFAULT CHARSET=utf8mb4;

--
-- Đang đổ dữ liệu cho bảng `cqn_category`
--

INSERT INTO `cqn_category` (`category_id`, `tenchuyenmuc`, `slug_cm`, `hide`) VALUES
(14, 'Tin chuyển nhượng', 'tin-chuyen-nhuong', 0),
(15, 'Bóng đá', 'bong-da', 0),
(1611839, 'Vleague', 'vleague', 0),
(1611844, 'Ngoại Hạng Anh', 'ngoai-hang-anh', 0),
(1611845, 'Bayern Munich', 'bayern-munich', 0),
(1611850, 'Champions League', 'champions-league', NULL);

-- --------------------------------------------------------

--
-- Cấu trúc bảng cho bảng `cqn_comment`
--

CREATE TABLE `cqn_comment` (
  `comment_id` int(11) NOT NULL,
  `comment_date` datetime NOT NULL,
  `ten` varchar(200) NOT NULL,
  `trangthai` int(1) NOT NULL,
  `noidung_cmt` varchar(500) NOT NULL,
  `post_id` int(11) NOT NULL,
  `email` varchar(50) DEFAULT NULL
) ENGINE=InnoDB DEFAULT CHARSET=utf8mb4;

--
-- Đang đổ dữ liệu cho bảng `cqn_comment`
--

INSERT INTO `cqn_comment` (`comment_id`, `comment_date`, `ten`, `trangthai`, `noidung_cmt`, `post_id`, `email`) VALUES
(58, '2022-08-03 00:03:47', 'Chau Nhon', 0, 'De Ligt đã có 42 lần ra sân trong màu áo Juventus ở mùa giải trước&#8218 đóng góp 3 bàn thắng và 1 pha kiến ​​tạo&#46 Đây là những con số không hề tệ đối với một trung vệ&#46 Tuy nhiên&#8218 anh vẫn không được đánh giá là có mùa giải thành công&#46', 21, 'cnhon5496@gmail.com'),
(59, '2022-08-03 23:35:25', 'Châu Công Tử', 0, 'Test Bình luận', 21, 'cnhon5496@gmail.com'),
(61, '2022-08-03 14:36:06', 'Leon Goretzka ', 0, 'Diese Pornoseite ist großartig&#8218 ich schaue sie an meinen verletzungsbedingten freien Tagen', 21, 'Quenhon2002@gmail.com'),
(62, '2022-08-03 17:49:46', 'admin ', 0, 'Test bình luận&#33', 20, 'cnhon5496@gmail.com'),
(63, '2022-08-13 17:17:09', 'Châu Công Tử', 0, 'Test bình luận', 22, 'cnhon5496@gmail.com'),
(65, '2022-08-26 18:31:24', 'Joshua Kimmich', 0, 'Test Comment', 30, 'cnhon5496@gmail.com'),
(66, '2023-01-12 08:35:31', '<span style=\"color:red\">Josh CQN - <small><i>Quản trị viên</i></small></span>', 0, 'Báo', 37, ''),
(67, '2023-01-12 22:17:20', 'Thomas Muller', 0, 'Con báo già lày', 37, 'cnhon5496@gmail.com'),
(72, '2023-01-28 03:27:51', '<span style=\"color:red\">Josh CQN - <small><i>Quản trị viên</i></small></span>', 0, 'bình luận 4\r\n', 40, '');

-- --------------------------------------------------------

--
-- Cấu trúc bảng cho bảng `cqn_contact`
--

CREATE TABLE `cqn_contact` (
  `contact_id` int(11) NOT NULL,
  `email` varchar(100) NOT NULL,
  `ten` varchar(50) NOT NULL,
  `tieude` varchar(100) NOT NULL,
  `noidung` varchar(2000) NOT NULL,
  `contact_date` datetime NOT NULL,
  `daxem` int(11) NOT NULL,
  `luu` int(11) DEFAULT 0
) ENGINE=InnoDB DEFAULT CHARSET=utf8mb4;

--
-- Đang đổ dữ liệu cho bảng `cqn_contact`
--

INSERT INTO `cqn_contact` (`contact_id`, `email`, `ten`, `tieude`, `noidung`, `contact_date`, `daxem`, `luu`) VALUES
(1, 'Quenhon2002@gmail.com', '', 'Dear CQN Blog\'s Admin', 'Test form liên hệ thứ nhất', '2022-07-22 13:30:15', 1, 0),
(4, 'cnhon5496@gmail.com', '', 'Please active my domain', 'Hằng số bộ lọc được xác định trước\r\nCó nhiều hằng số bộ lọc xác định trước được liệt kê bên dưới:\r\n\r\nXác thực các hằng số bộ lọc:\r\nFILTER_VALIDATE_BOOLEAN: Xác thực boolean\r\nFILTER_VALIDATE_INT: Xác thực một số nguyên\r\nFILTER_VALIDATE_FLOAT: Xác thực một float\r\nFILTER_VALIDATE_REGEXP: Xác thực một biểu thức chính quy\r\nFILTER_VALIDATE_IP: Xác thực địa chỉ IP\r\nFILTER_VALIDATE_EMAIL: Xác thực địa chỉ e-mail\r\nFILTER_VALIDATE_URL: Xác thực URL\r\nSanitize (vệ sinh) hằng số bộ lọc:\r\nFILTER_SANITIZE_EMAIL: Xóa tất cả các ký tự không hợp lệ khỏi địa chỉ email\r\nFILTER_SANITIZE_ENCODED: Xóa / Mã hóa các ký tự đặc biệt\r\nFILTER_SANITIZE_MAGIC_QUOTES: Áp dụng hàm addlash ()\r\nFILTER_SANITIZE_NUMBER_FLOAT: Xóa tất cả các ký tự, trừ các chữ số, + - và tùy chọn., EE\r\nFILTER_SANITIZE_NUMBER_INT: Xóa tất cả các ký tự ngoại trừ các chữ số và + -\r\nFILTER_SANITIZE_SPECIAL_CHARS: Xóa các ký tự đặc biệt\r\nFILTER_SANITIZE_FULL_SPECIAL_CHARS Có thể tắt báo giá mã hóa bằng cách sử dụng FILTER_FLAG_NO_ENCODE_QUOTES.\r\nFILTER_SANITIZE_STRING: Xóa thẻ / ký tự đặc biệt khỏi chuỗi\r\nFILTER_SANITIZE_STRIPPED: Bí danh của FILTER_SANITIZE_STRING\r\nFILTER_SANITIZE_URL: Xóa tất cả ký tự bất hợp pháp khỏi URL \r\nCác hằng số bộ lọc khác:\r\n\r\nFILTER_UNSAFE_RAW: Không làm gì cả, tùy chọn dải / mã hóa các ký tự đặc biệt\r\nFILTER_CALLBACK: Gọi hàm do người dùng xác định để lọc dữ liệu\r\nKết luận: Trên đây là các thông tin về Filter trong Python và chức năng của các Filter hằng số trong PHP. Với vai trò xác thực và bảo mật các thông tin, filter trong PHP chắc chắn là một tính năng tốt cho bất kỳ dự án nào. Tìm hiểu thêm về PHP và các ngôn ngữ lập trình khác qua các khóa học lập trình tại Viện công nghệ thông tin T3H.', '2022-07-16 17:56:17', 1, 1),
(6, 'cnhon5496@gmail.com', '', 'Cảm nghĩ về một loài cây (hoa) mà em yêu quý nhất', 'Ở nhà, người thân thường gọi em là Siren. Đó là tên một loài hoa ở Liên Xô, nơi ba mẹ em trải qua những năm tháng sinh viên. Một hôm, bác Kiên, bạn của ba mẹ đã cất công mang từ Matcova về một bó Siren để tặng em.\r\n\r\n“Ôi, loài hoa ta từng được ước ao được biết đến là đây ư?”. Ôm bó Siren, lòng em chợt chùng xuống mềm mại bởi sắc tím nao nao và hương thơi nhè nhẹ. Không rực rỡ như hoa cúc, không lộng lẫy như hoa hồng, những bông Siren thật dịu dàng và đằm thắm bởi mùi hương thanh khiết.\r\n\r\nThoạt nhìn, hoa Siren hao hao hoa dạ hương nhưng cánh tròn và dày hơn. Từng cụm hoa li ti. li ti như sao, kết lại thành chùm hình mái vòm. Lá Siren nom từa tựa hoa giấy, xanh thẫm, có cuống dài, mọc đối nhau.\r\n\r\nTrông xa, toàn bộ cành hoa giống như cây nến xanh thắp ngọn lửa tím. Ba em kể: “Hoa mới nở thì mang màu tim tím như hoa xoan, khi sắp tàn thì chuyển dần sang màu trắng. Siren mọc thành cụm lúp xúp, bừng nở vào chớm xuân, khi tuyết vừa tan, nó thả vào không gian làn hương thơm mát”. Em tò mò hỏi: “Vậy là Siren đem mùa xuân về hay mùa xuân kéo Siren thức tỉnh hả ba?”. Ba lắc đầu “chỉ biết sớm xuân, khi tuyết vừa tan, mọi người đã thấy Siren vươn nhành”.', '2022-07-22 00:00:00', 1, 1),
(7, 'cnhon5496@gmail.com', '', 'Lời bài hát Hoa Ngũ Sắc', 'Ai đưa đò sang dõi theo dáng em dần xa\r\nNước lặng dòng sông lục bình khẽ trôi xế tà\r\nÔng Tơ đoạn duyên cớ sao rẽ chia ra thành hai\r\nChuyện tình quên sao năm tháng thiếu thời thanh mai\r\n\r\nLy rượu cay nói không nên lời\r\nCạn tình duyên ta sẽ rót cho đầy vơi\r\nCâu hẹn xưa đến nay quên rồi\r\nNgày đêm vu quy cùng ai trăm năm sánh đôi\r\n\r\nNghẹn ngào nhìn em cứ thế xa\r\nLên thuyền hoa nước mắt ướt nhoà\r\nVề nơi đất khách tháng năm sẽ hoá xa lạ\r\nTrọn vẹn phu thê mong ấm yên\r\nChỉ còn tôi ôm những muộn phiền\r\nTrùng dương xa xăm cách chia mỗi miền\r\nNgày nào bên nhau hay đón đưa\r\nBên dòng sông đứng dưới bóng dừa\r\nNgười đã quên chưa xiết bao đau đớn cho vừa\r\nBiền biệt phương xa tôi thở than\r\nTheo người ta sao không hối hận\r\nDạt dào đến mấy nước sông cũng cạn', '2022-08-03 00:00:00', 1, 1),
(8, 'Quenhon2002@gmail.com', '', 'Dear CQN Blog&#39;s Admin', 'Test chức năng', '2022-08-12 00:00:00', 1, 0),
(9, 'Quenhon2002@gmail.com', 'admin', 'Dear Admin of CQN Blog', '<p>Gửi c&aacute;i lol</p>\r\n', '2022-08-26 00:00:00', 1, 0);

-- --------------------------------------------------------

--
-- Cấu trúc bảng cho bảng `cqn_home`
--

CREATE TABLE `cqn_home` (
  `home_id` int(11) NOT NULL,
  `logo` varchar(50) NOT NULL,
  `background` varchar(50) NOT NULL,
  `gioithieu` varchar(200) NOT NULL,
  `tieude` varchar(200) NOT NULL,
  `copyrights` varchar(50) NOT NULL,
  `setting_id` int(11) NOT NULL
) ENGINE=InnoDB DEFAULT CHARSET=utf8mb4;

--
-- Đang đổ dữ liệu cho bảng `cqn_home`
--

INSERT INTO `cqn_home` (`home_id`, `logo`, `background`, `gioithieu`, `tieude`, `copyrights`, `setting_id`) VALUES
(1, 'JoshCQN', 'bg.png', 'DEV . MUSIC . FOOTBALL', 'JOSH CQN', 'JOSH CQN', 1);

-- --------------------------------------------------------

--
-- Cấu trúc bảng cho bảng `cqn_message`
--

CREATE TABLE `cqn_message` (
  `id` int(11) NOT NULL,
  `user_id` int(11) NOT NULL,
  `to_id` int(11) NOT NULL,
  `message` text NOT NULL,
  `daxem` int(11) NOT NULL,
  `date` datetime NOT NULL
) ENGINE=InnoDB DEFAULT CHARSET=utf8mb4;

--
-- Đang đổ dữ liệu cho bảng `cqn_message`
--

INSERT INTO `cqn_message` (`id`, `user_id`, `to_id`, `message`, `daxem`, `date`) VALUES
(20, 2, 1, 'delay', 1, '2022-08-09 00:00:00'),
(42, 2, 1, '&lt;script&gt;window.location=&quot;&quot;&lt;/script&gt;', 1, '2022-08-09 00:00:00'),
(47, 1, 2, 'test', 1, '2022-08-09 00:00:00'),
(48, 1, 2, 'đ&atilde; xem', 1, '2022-08-10 00:00:00'),
(51, 2, 1, '<img src=\"https://vcdn-thethao.vnecdn.net/2022/08/03/fzkmn7yxwai78is-jpeg-165948382-6800-6793-1659484107.jpg\" width=\"100%\" class=\"rounded\">', 1, '2022-08-09 15:28:37'),
(52, 1, 2, '<img src=\"https://photo-cms-nhandan.zadn.vn/w800/Files/Images/2020/08/24/a1-1598257835527.jpg\" width=\"100%\">', 1, '2022-08-09 15:39:26'),
(64, 2, 1, '<a href=\"https://cdnimg.vietnamplus.vn/uploaded/mzdic/2022_08_06/bayernthang1.png\" target=\"_blank\"><img src=\"https://cdnimg.vietnamplus.vn/uploaded/mzdic/2022_08_06/bayernthang1.png\" width=\"100%\" class=\"rounded\"></a>', 1, '2022-08-09 17:34:50'),
(66, 1, 2, '<a href=\"https://cdnimg.vietnamplus.vn/uploaded/mzdic/2022_08_06/bayernthang1.png\" target=\"_blank\"><img src=\"https://cdnimg.vietnamplus.vn/uploaded/mzdic/2022_08_06/bayernthang1.png\" width=\"100%\" class=\"rounded\"></a>', 1, '2022-08-09 17:45:15'),
(67, 1, 2, '<a href=\"https://images.pexels.com/photos/11950497/pexels-photo-11950497.jpeg?auto=compress&cs=tinysrgb&dpr=1&w=500\" target=\"_blank\"><img src=\"https://images.pexels.com/photos/11950497/pexels-photo-11950497.jpeg?auto=compress&cs=tinysrgb&dpr=1&w=500\" width=\"100%\" class=\"rounded\"></a>', 1, '2022-08-09 17:47:01'),
(75, 1, 2, 'alo', 1, '2022-08-09 18:13:27'),
(76, 1, 2, 'test thời gian', 1, '2022-08-09 18:13:55'),
(77, 1, 2, 'auto load ok', 1, '2022-08-09 18:15:01'),
(79, 3, 1, '<a href=\"https://cdnimg.vietnamplus.vn/t1200/Uploaded/mzdic/2022_07_31/bayern-sieu-cup-duc-3107.jpeg\" target=\"_blank\"><img src=\"https://cdnimg.vietnamplus.vn/t1200/Uploaded/mzdic/2022_07_31/bayern-sieu-cup-duc-3107.jpeg\" width=\"100%\" class=\"rounded\"></a>', 1, '2022-08-09 19:02:08'),
(80, 1, 2, 'test', 1, '2022-08-10 08:53:04'),
(81, 1, 2, '<span class=\"embed-responsive embed-responsive-16by9\">\n                <iframe class=\"embed-responsive-item\" src=\"https://www.youtube.com/embed/Coul-_Aq4ME\"></iframe>\n            </span>', 1, '2022-08-10 10:15:54'),
(82, 1, 4, 'nhắn g&igrave; đ&oacute;', 1, '2022-08-11 13:51:57'),
(83, 1, 3, 'Ok', 1, '2022-08-12 09:54:29'),
(84, 3, 1, 'Alo', 1, '2022-08-12 10:19:39'),
(85, 1, 3, 'Alo', 1, '2022-08-12 16:07:20'),
(86, 1, 3, 'Alo', 1, '2022-08-26 09:51:49'),
(87, 1, 1, '<div class=\"embed-responsive embed-responsive-16by9\">\r\n                <iframe class=\"embed-responsive-item\" src=\"https://www.youtube.com/embed/YVNwJerQ_d4\"></iframe>\r\n            </div>', 1, '2023-01-06 20:42:44'),
(88, 1, 1, 'test', 1, '2023-01-06 20:43:05'),
(89, 1, 1, 'emo', 0, '2023-01-06 20:43:13'),
(90, 1, 4, 'ok', 0, '2023-01-06 20:43:55');

-- --------------------------------------------------------

--
-- Cấu trúc bảng cho bảng `cqn_setting`
--

CREATE TABLE `cqn_setting` (
  `setting_id` int(5) NOT NULL,
  `home_url` varchar(50) NOT NULL,
  `mota` varchar(200) NOT NULL,
  `tieude` varchar(200) NOT NULL,
  `trangthai` int(1) NOT NULL
) ENGINE=InnoDB DEFAULT CHARSET=utf8mb4;

--
-- Đang đổ dữ liệu cho bảng `cqn_setting`
--

INSERT INTO `cqn_setting` (`setting_id`, `home_url`, `mota`, `tieude`, `trangthai`) VALUES
(1, 'http://bongda.chaucongtu.site', 'Josh CQN - blog tổng hợp', 'Blog chia sẻ công nghệ, tin tức bóng đá', 0);

-- --------------------------------------------------------

--
-- Cấu trúc bảng cho bảng `cqn_testimonial`
--

CREATE TABLE `cqn_testimonial` (
  `id` int(11) NOT NULL,
  `chamngon` varchar(200) NOT NULL,
  `tacgia` varchar(50) NOT NULL
) ENGINE=InnoDB DEFAULT CHARSET=utf8mb4;

--
-- Đang đổ dữ liệu cho bảng `cqn_testimonial`
--

INSERT INTO `cqn_testimonial` (`id`, `chamngon`, `tacgia`) VALUES
(2, 'When you want to give up, remember why you started.', 'Khuyết danh');

-- --------------------------------------------------------

--
-- Cấu trúc bảng cho bảng `cqn_user`
--

CREATE TABLE `cqn_user` (
  `user_id` int(11) NOT NULL,
  `tendangnhap` varchar(20) NOT NULL,
  `matkhau` varchar(32) NOT NULL,
  `tenhienthi` varchar(50) NOT NULL,
  `email` varchar(50) DEFAULT NULL,
  `facebook` varchar(50) DEFAULT NULL,
  `sodienthoai` varchar(11) DEFAULT NULL,
  `vaitro` int(11) DEFAULT 0,
  `trangthai` int(11) DEFAULT 0
) ENGINE=InnoDB DEFAULT CHARSET=utf8mb4;

--
-- Đang đổ dữ liệu cho bảng `cqn_user`
--

INSERT INTO `cqn_user` (`user_id`, `tendangnhap`, `matkhau`, `tenhienthi`, `email`, `facebook`, `sodienthoai`, `vaitro`, `trangthai`) VALUES
(1, 'Admin', 'e10adc3949ba59abbe56e057f20f883e', 'Josh CQN', 'admin@chaucongtu.com', 'xoxvp', '0848611127', 2, 0),
(2, 'user', 'e10adc3949ba59abbe56e057f20f883e', 'Writter', '', '', '', 0, 0),
(3, 'third_user', 'e10adc3949ba59abbe56e057f20f883e', 'Quản trị viên', NULL, NULL, NULL, 1, 0),
(4, 'xoxvp', 'e10adc3949ba59abbe56e057f20f883e', 'NhonSinger', 'support_bmvn@gmail.com', 'xoxvp', '', 2, 0),
(5, 'shinbad', 'e10adc3949ba59abbe56e057f20f883e', 'SLV', 'cnhon5496@gmail.com', 'xoxvp', '', 2, 0);

--
-- Chỉ mục cho các bảng đã đổ
--

--
-- Chỉ mục cho bảng `cqn_about`
--
ALTER TABLE `cqn_about`
  ADD PRIMARY KEY (`about_id`);

--
-- Chỉ mục cho bảng `cqn_baiviet`
--
ALTER TABLE `cqn_baiviet`
  ADD PRIMARY KEY (`post_id`),
  ADD KEY `category_id` (`category_id`),
  ADD KEY `user_id` (`user_id`);

--
-- Chỉ mục cho bảng `cqn_category`
--
ALTER TABLE `cqn_category`
  ADD PRIMARY KEY (`category_id`);

--
-- Chỉ mục cho bảng `cqn_comment`
--
ALTER TABLE `cqn_comment`
  ADD PRIMARY KEY (`comment_id`),
  ADD KEY `post_id` (`post_id`);

--
-- Chỉ mục cho bảng `cqn_contact`
--
ALTER TABLE `cqn_contact`
  ADD PRIMARY KEY (`contact_id`);

--
-- Chỉ mục cho bảng `cqn_home`
--
ALTER TABLE `cqn_home`
  ADD PRIMARY KEY (`home_id`),
  ADD KEY `setting_id` (`setting_id`);

--
-- Chỉ mục cho bảng `cqn_message`
--
ALTER TABLE `cqn_message`
  ADD PRIMARY KEY (`id`);

--
-- Chỉ mục cho bảng `cqn_setting`
--
ALTER TABLE `cqn_setting`
  ADD PRIMARY KEY (`setting_id`);

--
-- Chỉ mục cho bảng `cqn_testimonial`
--
ALTER TABLE `cqn_testimonial`
  ADD PRIMARY KEY (`id`);

--
-- Chỉ mục cho bảng `cqn_user`
--
ALTER TABLE `cqn_user`
  ADD PRIMARY KEY (`user_id`);

--
-- AUTO_INCREMENT cho các bảng đã đổ
--

--
-- AUTO_INCREMENT cho bảng `cqn_about`
--
ALTER TABLE `cqn_about`
  MODIFY `about_id` int(11) NOT NULL AUTO_INCREMENT;

--
-- AUTO_INCREMENT cho bảng `cqn_baiviet`
--
ALTER TABLE `cqn_baiviet`
  MODIFY `post_id` int(11) NOT NULL AUTO_INCREMENT, AUTO_INCREMENT=44;

--
-- AUTO_INCREMENT cho bảng `cqn_category`
--
ALTER TABLE `cqn_category`
  MODIFY `category_id` int(11) NOT NULL AUTO_INCREMENT, AUTO_INCREMENT=1611851;

--
-- AUTO_INCREMENT cho bảng `cqn_comment`
--
ALTER TABLE `cqn_comment`
  MODIFY `comment_id` int(11) NOT NULL AUTO_INCREMENT, AUTO_INCREMENT=73;

--
-- AUTO_INCREMENT cho bảng `cqn_contact`
--
ALTER TABLE `cqn_contact`
  MODIFY `contact_id` int(11) NOT NULL AUTO_INCREMENT, AUTO_INCREMENT=10;

--
-- AUTO_INCREMENT cho bảng `cqn_home`
--
ALTER TABLE `cqn_home`
  MODIFY `home_id` int(11) NOT NULL AUTO_INCREMENT, AUTO_INCREMENT=2;

--
-- AUTO_INCREMENT cho bảng `cqn_message`
--
ALTER TABLE `cqn_message`
  MODIFY `id` int(11) NOT NULL AUTO_INCREMENT, AUTO_INCREMENT=91;

--
-- AUTO_INCREMENT cho bảng `cqn_setting`
--
ALTER TABLE `cqn_setting`
  MODIFY `setting_id` int(5) NOT NULL AUTO_INCREMENT, AUTO_INCREMENT=2;

--
-- AUTO_INCREMENT cho bảng `cqn_testimonial`
--
ALTER TABLE `cqn_testimonial`
  MODIFY `id` int(11) NOT NULL AUTO_INCREMENT, AUTO_INCREMENT=3;

--
-- AUTO_INCREMENT cho bảng `cqn_user`
--
ALTER TABLE `cqn_user`
  MODIFY `user_id` int(11) NOT NULL AUTO_INCREMENT, AUTO_INCREMENT=6;

--
-- Các ràng buộc cho các bảng đã đổ
--

--
-- Các ràng buộc cho bảng `cqn_baiviet`
--
ALTER TABLE `cqn_baiviet`
  ADD CONSTRAINT `cqn_baiviet_ibfk_1` FOREIGN KEY (`category_id`) REFERENCES `cqn_category` (`category_id`),
  ADD CONSTRAINT `cqn_baiviet_ibfk_2` FOREIGN KEY (`user_id`) REFERENCES `cqn_user` (`user_id`);

--
-- Các ràng buộc cho bảng `cqn_comment`
--
ALTER TABLE `cqn_comment`
  ADD CONSTRAINT `cqn_comment_ibfk_1` FOREIGN KEY (`post_id`) REFERENCES `cqn_baiviet` (`post_id`);

--
-- Các ràng buộc cho bảng `cqn_home`
--
ALTER TABLE `cqn_home`
  ADD CONSTRAINT `cqn_home_ibfk_1` FOREIGN KEY (`setting_id`) REFERENCES `cqn_setting` (`setting_id`);
COMMIT;

/*!40101 SET CHARACTER_SET_CLIENT=@OLD_CHARACTER_SET_CLIENT */;
/*!40101 SET CHARACTER_SET_RESULTS=@OLD_CHARACTER_SET_RESULTS */;
/*!40101 SET COLLATION_CONNECTION=@OLD_COLLATION_CONNECTION */;
